Workbook

Sheet اقرأني
A1: مشغل الأسبوع 10 — التصحيح الآلي: متى يُوثق به؟
A2: مساق القياس والتقويم التربوي — دبلوم الدراسات العليا المهني في التدريس
A4: تنبيه: البيانات محاكاة حاسوبية لأغراض التدريب، وليست لطلبة أو أداة حقيقية.
A5: 120 إجابة قصيرة عن سؤال علوم مفتوح، صُحّحت من 0 إلى 3 بسلم واحد ثلاث مرات: مصحح بشري أول، ومصحح بشري ثانٍ، وأداة ذكاء اصطناعي.
A6: لكل إجابة أيضاً: عدد كلماتها، وهل فيها أخطاء إملائية كثيرة.
A8: أوراق المصنف:
A9: البيانات: الدرجات الثلاث وخصائص كل إجابة.
A10: الاتفاق: مؤشرات الاتفاق بين المصححَين البشريين، وبين الأداة والمصحح الأول، مع الحدود الإرشادية.
A11: المجموعات الفرعية: هل تتساهل الأداة أو تتشدد مع نوع معيّن من الإجابات؟
A13: الفكرة الأساسية: الاتفاق العام المرتفع لا يكفي. الأداة قد تتفق مع البشر في المتوسط، وتظلم مجموعة من الطلبة.

Sheet البيانات
A1: الإجابة | B1: عدد الكلمات | C1: أخطاء إملائية كثيرة | D1: المصحح البشري 1 | E1: المصحح البشري 2 | F1: الأداة | G1: الأداة ناقص البشري 1 | H1: طويلة (35 كلمة فأكثر)
A2: R001 | B2: 9 | C2: لا | D2: 0 | E2: 0 | F2: 0 | G2: =F2-D2 -> 0 | H2: =IF(B2>=الاتفاق!$C$3,"نعم","لا") -> لا
A3: R002 | B3: 27 | C3: نعم | D3: 2 | E3: 2 | F3: 2 | G3: =F3-D3 -> 0 | H3: =IF(B3>=الاتفاق!$C$3,"نعم","لا") -> لا
A4: R003 | B4: 34 | C4: لا | D4: 3 | E4: 2 | F4: 3 | G4: =F4-D4 -> 0 | H4: =IF(B4>=الاتفاق!$C$3,"نعم","لا") -> لا
A5: R004 | B5: 46 | C5: لا | D5: 3 | E5: 3 | F5: 3 | G5: =F5-D5 -> 0 | H5: =IF(B5>=الاتفاق!$C$3,"نعم","لا") -> نعم
A6: R005 | B6: 43 | C6: لا | D6: 3 | E6: 3 | F6: 3 | G6: =F6-D6 -> 0 | H6: =IF(B6>=الاتفاق!$C$3,"نعم","لا") -> نعم
A7: R006 | B7: 28 | C7: لا | D7: 2 | E7: 2 | F7: 2 | G7: =F7-D7 -> 0 | H7: =IF(B7>=الاتفاق!$C$3,"نعم","لا") -> لا
A8: R007 | B8: 9 | C8: نعم | D8: 1 | E8: 0 | F8: 0 | G8: =F8-D8 -> -1 | H8: =IF(B8>=الاتفاق!$C$3,"نعم","لا") -> لا
A9: R008 | B9: 23 | C9: لا | D9: 2 | E9: 2 | F9: 2 | G9: =F9-D9 -> 0 | H9: =IF(B9>=الاتفاق!$C$3,"نعم","لا") -> لا
A10: R009 | B10: 4 | C10: نعم | D10: 0 | E10: 1 | F10: 0 | G10: =F10-D10 -> 0 | H10: =IF(B10>=الاتفاق!$C$3,"نعم","لا") -> لا
A11: R010 | B11: 29 | C11: لا | D11: 2 | E11: 1 | F11: 2 | G11: =F11-D11 -> 0 | H11: =IF(B11>=الاتفاق!$C$3,"نعم","لا") -> لا
A12: R011 | B12: 19 | C12: لا | D12: 1 | E12: 1 | F12: 1 | G12: =F12-D12 -> 0 | H12: =IF(B12>=الاتفاق!$C$3,"نعم","لا") -> لا
A13: R012 | B13: 23 | C13: لا | D13: 3 | E13: 3 | F13: 3 | G13: =F13-D13 -> 0 | H13: =IF(B13>=الاتفاق!$C$3,"نعم","لا") -> لا
... A121: R120 | B121: 36 | C121: نعم | D121: 1 | E121: 2 | F121: 2 | G121: =F121-D121 -> 1 | H121: =IF(B121>=الاتفاق!$C$3,"نعم","لا") -> نعم

Sheet الاتفاق
A1: مؤشرات الاتفاق
A3: حد الإجابة الطويلة (عدد الكلمات) | C3: 35 | E3: حد معامل كابا الموزون | G3: 0.7
E4: حد التراجع عن الاتفاق البشري | G4: 0.1
E5: حد الفرق المعياري للمتوسطات | G5: 0.15
A7: صفوف: البشري 1، أعمدة: البشري 2
B8: 0 | C8: 1 | D8: 2 | E8: 3
A9: 0 | B9: =COUNTIFS(البيانات!$D$2:$D$121,0,البيانات!$E$2:$E$121,0) -> 14 | C9: =COUNTIFS(البيانات!$D$2:$D$121,0,البيانات!$E$2:$E$121,1) -> 4 | D9: =COUNTIFS(البيانات!$D$2:$D$121,0,البيانات!$E$2:$E$121,2) -> 0 | E9: =COUNTIFS(البيانات!$D$2:$D$121,0,البيانات!$E$2:$E$121,3) -> 0
A10: 1 | B10: =COUNTIFS(البيانات!$D$2:$D$121,1,البيانات!$E$2:$E$121,0) -> 3 | C10: =COUNTIFS(البيانات!$D$2:$D$121,1,البيانات!$E$2:$E$121,1) -> 21 | D10: =COUNTIFS(البيانات!$D$2:$D$121,1,البيانات!$E$2:$E$121,2) -> 9 | E10: =COUNTIFS(البيانات!$D$2:$D$121,1,البيانات!$E$2:$E$121,3) -> 0
A11: 2 | B11: =COUNTIFS(البيانات!$D$2:$D$121,2,البيانات!$E$2:$E$121,0) -> 0 | C11: =COUNTIFS(البيانات!$D$2:$D$121,2,البيانات!$E$2:$E$121,1) -> 7 | D11: =COUNTIFS(البيانات!$D$2:$D$121,2,البيانات!$E$2:$E$121,2) -> 24 | E11: =COUNTIFS(البيانات!$D$2:$D$121,2,البيانات!$E$2:$E$121,3) -> 3
A12: 3 | B12: =COUNTIFS(البيانات!$D$2:$D$121,3,البيانات!$E$2:$E$121,0) -> 0 | C12: =COUNTIFS(البيانات!$D$2:$D$121,3,البيانات!$E$2:$E$121,1) -> 1 | D12: =COUNTIFS(البيانات!$D$2:$D$121,3,البيانات!$E$2:$E$121,2) -> 2 | E12: =COUNTIFS(البيانات!$D$2:$D$121,3,البيانات!$E$2:$E$121,3) -> 32
A14: عدد الإجابات | C14: =SUM($B$9:$E$12) -> 120
A15: اتفاق تام | C15: =SUMPRODUCT((البيانات!$D$2:$D$121=البيانات!$E$2:$E$121)*1)/C14 -> 0.75833333
A16: اتفاق تام أو متجاور | C16: =SUMPRODUCT((ABS(البيانات!$D$2:$D$121-البيانات!$E$2:$E$121)<=1)*1)/C14 -> 0.99166667
A17: معامل كابا | C17: =((SUMPRODUCT((البيانات!$D$2:$D$121=البيانات!$E$2:$E$121)*1)/C14)-(COUNTIF(البيانات!$D$2:$D$121,0)*COUNTIF(البيانات!$E$2:$E$121,0)+COUNTIF(البيانات!$D$2:$D$121,1)*COUNTIF(البيانات!$E$2:$E$121,1)+COUNTIF(البيانات!$D$2:$D$121,2)*COUNTIF(البيانات!$E$2:$E$121,2)+COUNTIF(البيانات!$D$2:$D$121,3)*COUNTIF(البيانات!$E$2:$E$121,3))/C14^2)/(1-(COUNTIF(البيانات!$D$2:$D$121,0)*COUNTIF(البيانات!$E$2:$E$121,0)+COUNTIF(البيانات!$D$2:$D$121,1)*COUNTIF(البيانات!$E$2:$E$121,1)+COUNTIF(البيانات!$D$2:$D$121,2)*COUNTIF(البيانات!$E$2:$E$121,2)+COUNTIF(البيانات!$D$2:$D$121,3)*COUNTIF(البيانات!$E$2:$E$121,3))/C14^2) -> 0.6713881
A18: معامل كابا الموزون التربيعي | C18: =1-SUMPRODUCT((البيانات!$D$2:$D$121-البيانات!$E$2:$E$121)^2)/((COUNTIF(البيانات!$D$2:$D$121,0)*COUNTIF(البيانات!$E$2:$E$121,1)*1+COUNTIF(البيانات!$D$2:$D$121,0)*COUNTIF(البيانات!$E$2:$E$121,2)*4+COUNTIF(البيانات!$D$2:$D$121,0)*COUNTIF(البيانات!$E$2:$E$121,3)*9+COUNTIF(البيانات!$D$2:$D$121,1)*COUNTIF(البيانات!$E$2:$E$121,0)*1+COUNTIF(البيانات!$D$2:$D$121,1)*COUNTIF(البيانات!$E$2:$E$121,2)*1+COUNTIF(البيانات!$D$2:$D$121,1)*COUNTIF(البيانات!$E$2:$E$121,3)*4+COUNTIF(البيانات!$D$2:$D$121,2)*COUNTIF(البيانات!$E$2:$E$121,0)*4+COUNTIF(البيانات!$D$2:$D$121,2)*COUNTIF(البيانات!$E$2:$E$121,1)*1+COUNTIF(البيانات!$D$2:$D$121,2)*COUNTIF(البيانات!$E$2:$E$121,3)*1+COUNTIF(البيانات!$D$2:$D$121,3)*COUNTIF(البيانات!$E$2:$E$121,0)*9+COUNTIF(البيانات!$D$2:$D$121,3)*COUNTIF(البيانات!$E$2:$E$121,1)*4+COUNTIF(البيانات!$D$2:$D$121,3)*COUNTIF(البيانات!$E$2:$E$121,2)*1)/C14) -> 0.87590486
A19: متوسط الأول | C19: =AVERAGE(البيانات!$D$2:$D$121) -> 1.7166667
A20: متوسط الثاني | C20: =AVERAGE(البيانات!$E$2:$E$121) -> 1.7333333
A21: الفرق المعياري للمتوسطين | C21: =(C19-C20)/SQRT((VAR(البيانات!$D$2:$D$121)+VAR(البيانات!$E$2:$E$121))/2) -> -0.016012815
A24: صفوف: الأداة، أعمدة: البشري 1
B25: 0 | C25: 1 | D25: 2 | E25: 3
A26: 0 | B26: =COUNTIFS(البيانات!$F$2:$F$121,0,البيانات!$D$2:$D$121,0) -> 17 | C26: =COUNTIFS(البيانات!$F$2:$F$121,0,البيانات!$D$2:$D$121,1) -> 8 | D26: =COUNTIFS(البيانات!$F$2:$F$121,0,البيانات!$D$2:$D$121,2) -> 0 | E26: =COUNTIFS(البيانات!$F$2:$F$121,0,البيانات!$D$2:$D$121,3) -> 0
A27: 1 | B27: =COUNTIFS(البيانات!$F$2:$F$121,1,البيانات!$D$2:$D$121,0) -> 1 | C27: =COUNTIFS(البيانات!$F$2:$F$121,1,البيانات!$D$2:$D$121,1) -> 20 | D27: =COUNTIFS(البيانات!$F$2:$F$121,1,البيانات!$D$2:$D$121,2) -> 7 | E27: =COUNTIFS(البيانات!$F$2:$F$121,1,البيانات!$D$2:$D$121,3) -> 0
A28: 2 | B28: =COUNTIFS(البيانات!$F$2:$F$121,2,البيانات!$D$2:$D$121,0) -> 0 | C28: =COUNTIFS(البيانات!$F$2:$F$121,2,البيانات!$D$2:$D$121,1) -> 5 | D28: =COUNTIFS(البيانات!$F$2:$F$121,2,البيانات!$D$2:$D$121,2) -> 18 | E28: =COUNTIFS(البيانات!$F$2:$F$121,2,البيانات!$D$2:$D$121,3) -> 3
A29: 3 | B29: =COUNTIFS(البيانات!$F$2:$F$121,3,البيانات!$D$2:$D$121,0) -> 0 | C29: =COUNTIFS(البيانات!$F$2:$F$121,3,البيانات!$D$2:$D$121,1) -> 0 | D29: =COUNTIFS(البيانات!$F$2:$F$121,3,البيانات!$D$2:$D$121,2) -> 9 | E29: =COUNTIFS(البيانات!$F$2:$F$121,3,البيانات!$D$2:$D$121,3) -> 32
A31: عدد الإجابات | C31: =SUM($B$26:$E$29) -> 120
A32: اتفاق تام | C32: =SUMPRODUCT((البيانات!$F$2:$F$121=البيانات!$D$2:$D$121)*1)/C31 -> 0.725
A33: اتفاق تام أو متجاور | C33: =SUMPRODUCT((ABS(البيانات!$F$2:$F$121-البيانات!$D$2:$D$121)<=1)*1)/C31 -> 1
A34: معامل كابا | C34: =((SUMPRODUCT((البيانات!$F$2:$F$121=البيانات!$D$2:$D$121)*1)/C31)-(COUNTIF(البيانات!$F$2:$F$121,0)*COUNTIF(البيانات!$D$2:$D$121,0)+COUNTIF(البيانات!$F$2:$F$121,1)*COUNTIF(البيانات!$D$2:$D$121,1)+COUNTIF(البيانات!$F$2:$F$121,2)*COUNTIF(البيانات!$D$2:$D$121,2)+COUNTIF(البيانات!$F$2:$F$121,3)*COUNTIF(البيانات!$D$2:$D$121,3))/C31^2)/(1-(COUNTIF(البيانات!$F$2:$F$121,0)*COUNTIF(البيانات!$D$2:$D$121,0)+COUNTIF(البيانات!$F$2:$F$121,1)*COUNTIF(البيانات!$D$2:$D$121,1)+COUNTIF(البيانات!$F$2:$F$121,2)*COUNTIF(البيانات!$D$2:$D$121,2)+COUNTIF(البيانات!$F$2:$F$121,3)*COUNTIF(البيانات!$D$2:$D$121,3))/C31^2) -> 0.6301485
A35: معامل كابا الموزون التربيعي | C35: =1-SUMPRODUCT((البيانات!$F$2:$F$121-البيانات!$D$2:$D$121)^2)/((COUNTIF(البيانات!$F$2:$F$121,0)*COUNTIF(البيانات!$D$2:$D$121,1)*1+COUNTIF(البيانات!$F$2:$F$121,0)*COUNTIF(البيانات!$D$2:$D$121,2)*4+COUNTIF(البيانات!$F$2:$F$121,0)*COUNTIF(البيانات!$D$2:$D$121,3)*9+COUNTIF(البيانات!$F$2:$F$121,1)*COUNTIF(البيانات!$D$2:$D$121,0)*1+COUNTIF(البيانات!$F$2:$F$121,1)*COUNTIF(البيانات!$D$2:$D$121,2)*1+COUNTIF(البيانات!$F$2:$F$121,1)*COUNTIF(البيانات!$D$2:$D$121,3)*4+COUNTIF(البيانات!$F$2:$F$121,2)*COUNTIF(البيانات!$D$2:$D$121,0)*4+COUNTIF(البيانات!$F$2:$F$121,2)*COUNTIF(البيانات!$D$2:$D$121,1)*1+COUNTIF(البيانات!$F$2:$F$121,2)*COUNTIF(البيانات!$D$2:$D$121,3)*1+COUNTIF(البيانات!$F$2:$F$121,3)*COUNTIF(البيانات!$D$2:$D$121,0)*9+COUNTIF(البيانات!$F$2:$F$121,3)*COUNTIF(البيانات!$D$2:$D$121,1)*4+COUNTIF(البيانات!$F$2:$F$121,3)*COUNTIF(البيانات!$D$2:$D$121,2)*1)/C31) -> 0.88542993
A36: متوسط الأول | C36: =AVERAGE(البيانات!$F$2:$F$121) -> 1.6916667
A37: متوسط الثاني | C37: =AVERAGE(البيانات!$D$2:$D$121) -> 1.7166667
A38: الفرق المعياري للمتوسطين | C38: =(C36-C37)/SQRT((VAR(البيانات!$F$2:$F$121)+VAR(البيانات!$D$2:$D$121))/2) -> -0.022728128
A42: الحكم وفق الحدود الإرشادية
A43: كابا الموزون للأداة مع البشري 1 لا يقل عن الحد | C43: =IF(C35>=$G$3,"يتحقق","لا يتحقق") -> يتحقق
A44: التراجع عن الاتفاق البشري لا يتجاوز الحد | C44: =IF(C18-C35<=$G$4,"يتحقق","لا يتحقق") -> يتحقق
A45: الفرق المعياري للمتوسطين لا يتجاوز الحد | C45: =IF(ABS(C38)<=$G$5,"يتحقق","لا يتحقق") -> يتحقق
A46: مقدار التراجع (كابا البشريين ناقص كابا الأداة) | C46: =C18-C35 -> -0.0095250667

Sheet المجموعات الفرعية
A1: المجموعة | B1: عدد الإجابات | C1: متوسط البشري 1 | D1: متوسط الأداة | E1: متوسط الفرق (الأداة ناقص البشري) | F1: الفرق المعياري للمتوسطين | G1: الحكم | I1: حد الفرق المعياري للمجموعة الفرعية | K1: 0.1
A2: إجابات طويلة | B2: =COUNTIF(البيانات!$H$2:$H$121,"نعم") -> 41 | C2: =AVERAGEIF(البيانات!$H$2:$H$121,"نعم",البيانات!$D$2:$D$121) -> 2.4634146 | D2: =AVERAGEIF(البيانات!$H$2:$H$121,"نعم",البيانات!$F$2:$F$121) -> 2.6585366 | E2: =D2-C2 -> 0.19512195 | F2: =(D2-C2)/SQRT((SQRT((SUMPRODUCT((البيانات!$H$2:$H$121="نعم")*(البيانات!$F$2:$F$121)^2)-B2*AVERAGEIF(البيانات!$H$2:$H$121,"نعم",البيانات!$F$2:$F$121)^2)/(B2-1))^2+SQRT((SUMPRODUCT((البيانات!$H$2:$H$121="نعم")*(البيانات!$D$2:$D$121)^2)-B2*AVERAGEIF(البيانات!$H$2:$H$121,"نعم",البيانات!$D$2:$D$121)^2)/(B2-1))^2)/2) -> 0.26487017 | G2: =IF(ABS(F2)<=$K$1,"مقبول",IF(F2>0,"الأداة متساهلة","الأداة متشددة")) -> الأداة متساهلة
A3: إجابات قصيرة | B3: =COUNTIF(البيانات!$H$2:$H$121,"لا") -> 79 | C3: =AVERAGEIF(البيانات!$H$2:$H$121,"لا",البيانات!$D$2:$D$121) -> 1.3291139 | D3: =AVERAGEIF(البيانات!$H$2:$H$121,"لا",البيانات!$F$2:$F$121) -> 1.1898734 | E3: =D3-C3 -> -0.13924051 | F3: =(D3-C3)/SQRT((SQRT((SUMPRODUCT((البيانات!$H$2:$H$121="لا")*(البيانات!$F$2:$F$121)^2)-B3*AVERAGEIF(البيانات!$H$2:$H$121,"لا",البيانات!$F$2:$F$121)^2)/(B3-1))^2+SQRT((SUMPRODUCT((البيانات!$H$2:$H$121="لا")*(البيانات!$D$2:$D$121)^2)-B3*AVERAGEIF(البيانات!$H$2:$H$121,"لا",البيانات!$D$2:$D$121)^2)/(B3-1))^2)/2) -> -0.14124905 | G3: =IF(ABS(F3)<=$K$1,"مقبول",IF(F3>0,"الأداة متساهلة","الأداة متشددة")) -> الأداة متشددة
A4: أخطاء إملائية كثيرة | B4: =COUNTIF(البيانات!$C$2:$C$121,"نعم") -> 27 | C4: =AVERAGEIF(البيانات!$C$2:$C$121,"نعم",البيانات!$D$2:$D$121) -> 1.5555556 | D4: =AVERAGEIF(البيانات!$C$2:$C$121,"نعم",البيانات!$F$2:$F$121) -> 1.3333333 | E4: =D4-C4 -> -0.22222222 | F4: =(D4-C4)/SQRT((SQRT((SUMPRODUCT((البيانات!$C$2:$C$121="نعم")*(البيانات!$F$2:$F$121)^2)-B4*AVERAGEIF(البيانات!$C$2:$C$121,"نعم",البيانات!$F$2:$F$121)^2)/(B4-1))^2+SQRT((SUMPRODUCT((البيانات!$C$2:$C$121="نعم")*(البيانات!$D$2:$D$121)^2)-B4*AVERAGEIF(البيانات!$C$2:$C$121,"نعم",البيانات!$D$2:$D$121)^2)/(B4-1))^2)/2) -> -0.19062588 | G4: =IF(ABS(F4)<=$K$1,"مقبول",IF(F4>0,"الأداة متساهلة","الأداة متشددة")) -> الأداة متشددة
A5: أخطاء إملائية قليلة | B5: =COUNTIF(البيانات!$C$2:$C$121,"لا") -> 93 | C5: =AVERAGEIF(البيانات!$C$2:$C$121,"لا",البيانات!$D$2:$D$121) -> 1.7634409 | D5: =AVERAGEIF(البيانات!$C$2:$C$121,"لا",البيانات!$F$2:$F$121) -> 1.7956989 | E5: =D5-C5 -> 0.032258065 | F5: =(D5-C5)/SQRT((SQRT((SUMPRODUCT((البيانات!$C$2:$C$121="لا")*(البيانات!$F$2:$F$121)^2)-B5*AVERAGEIF(البيانات!$C$2:$C$121,"لا",البيانات!$F$2:$F$121)^2)/(B5-1))^2+SQRT((SUMPRODUCT((البيانات!$C$2:$C$121="لا")*(البيانات!$D$2:$D$121)^2)-B5*AVERAGEIF(البيانات!$C$2:$C$121,"لا",البيانات!$D$2:$D$121)^2)/(B5-1))^2)/2) -> 0.030058508 | G5: =IF(ABS(F5)<=$K$1,"مقبول",IF(F5>0,"الأداة متساهلة","الأداة متشددة")) -> مقبول
A7: الارتباط بين عدد الكلمات وفرق الأداة عن البشري 1 | E7: =CORREL(البيانات!$B$2:$B$121,البيانات!$G$2:$G$121) -> 0.26873056
