Workbook

Sheet اقرأني
A1: مشغل الأسبوع 8 — معايرة سلم تقدير تحليلي
A2: مساق القياس والتقويم التربوي — دبلوم الدراسات العليا المهني في التدريس
A4: تنبيه: الإجابات الثماني نموذج تدريبي كُتب للمساق، وليست إجابات طلبة حقيقيين.
A5: السؤال: يقول أحد الطلبة: «يصدأ مسمار الحديد في الماء المالح أسرع منه في الماء المقطّر». صمّم تجربة لاختبار هذه العبارة، وحدّد المتغيرات، ثم فسّر النتيجة التي تتوقعها.
A7: خطوات العمل:
A8: 1. اقرأ سلم التقدير في ورقة «سلم التقدير».
A9: 2. صحّح الإجابات الثماني في ورقة «تصحيحي» دون النظر إلى ورقة «الدرجات المرجعية».
A10: 3. أدخل درجات كلود في ورقة «تصحيح كلود» بعد أن تطلب منه التصحيح بالسلم نفسه.
A11: 4. افتح ورقة «المقارنة» لترى نسبة اتفاقك مع الدرجات المرجعية، والمعيار الذي تتشدد فيه أو تتساهل.
A13: الدرجات المرجعية تقديرات أعدّها المساق للتدريب، وليست إجابة نهائية لا تُناقش. الخلاف المبرر جزء من المعايرة.

Sheet سلم التقدير
A1: المعيار | B1: 0 | C1: 1 | D1: 2 | E1: 3
A2: المتغيرات والضبط | B2: لا يحدد أي متغير | C2: يذكر متغيراً واحداً أو يخلط بين المتغيرات | D2: يحدد المستقل والتابع، ويضبط ثابتاً واحداً على الأقل | E2: يحدد المستقل والتابع بدقة، ويضبط ثابتين أو أكثر
A3: خطوات التجربة وجمع البيانات | B3: لا خطوات أو خطوات لا تختبر العبارة | C3: خطوات ناقصة لا يمكن تكرارها | D3: خطوات قابلة للتنفيذ مع طريقة لملاحظة الصدأ | E3: خطوات قابلة للتكرار، ومدة محددة، وطريقة واضحة لقياس الصدأ أو مقارنته
A4: التفسير العلمي | B4: لا تفسير، أو تفسير لا يتناول أثر الملح، أو تفسير خاطئ | C4: يتوقع أن الملح يزيد الصدأ دون تفسير علمي للتفاعل | D4: يربط الصدأ بتفاعل الحديد مع الأكسجين والماء ويذكر أن الملح يسرّعه | E4: تفسير دقيق يربط تسارع الصدأ بأثر الملح ويقترح كيف تؤكد النتائج ذلك أو تنفيه

Sheet الإجابات
A1: الإجابة | B1: النص
A2: ج1 | B2: أضع مسمارين متماثلين في كأسين: الأولى فيها ماء مقطّر والثانية ماء مالح بالكمية نفسها، وأغطي الكأسين وأتركهما في المكان نفسه أسبوعاً. المتغير المستقل نوع الماء، والتابع كمية الصدأ، والثوابت: نوع المسمار وحجم الماء ودرجة الحرارة والمدة. أصوّر المسمارين كل يومين وأقارن مساحة الصدأ. أتوقع صدأً أكثر في الماء المالح لأن الملح يسرّع تفاعل الحديد مع الأكسجين والماء، وإذا ظهر الصدأ متساوياً فالعبارة غير صحيحة.
A3: ج2 | B3: أضع مسماراً في ماء مالح ومسماراً في ماء عادي بالكمية نفسها وأنتظر. المتغير هو الملح. أنظر بعد أيام أيهما صدئ أكثر. الملح يجعل الحديد يصدأ.
A4: ج3 | B4: الحديد يصدأ في الماء. أضع مسماراً في الماء المالح وأرى هل يصدأ.
A5: ج4 | B5: المتغير المستقل: وجود الملح في الماء. التابع: الصدأ. الثوابت: نوع المسامير وكمية الماء. أضع ثلاثة مسامير في ماء مالح وثلاثة في ماء مقطّر لمدة خمسة أيام، ثم أقارن لون المسامير. الصدأ تفاعل بين الحديد والأكسجين بوجود الماء، والملح يسرّعه.
A6: ج5 | B6: الصدأ لونه بني ويحدث للسيارات القديمة والأبواب. الماء المالح موجود في البحر لذلك السفن تصدأ.
A7: ج6 | B7: أحضر كأسين متماثلين، وأضع 200 مل ماء مقطّر في الأولى و200 مل ماء مذاب فيه ملعقة ملح في الثانية، وأضع في كل كأس مسماراً جديداً، وأتركهما سبعة أيام في درجة حرارة الغرفة، ثم أزن المسمارين بعد تجفيفهما وأقارن التغير في الكتلة. المتغير هو نوع الماء. أتوقع أن الماء المالح يصدّئ أكثر.
A8: ج7 | B8: الصدأ تفاعل كيميائي بين الحديد والأكسجين والماء. الملح يزيد سرعة هذا التفاعل، ولذلك تصدأ الأشياء الحديدية قرب البحر أسرع. أتوقع أن العبارة صحيحة.
A9: ج8 | B9: المستقل: نوع الماء (مالح أو مقطّر). التابع: مقدار الصدأ. الثوابت: نوع المسمار، حجم الماء، المدة، المكان. أضعهما وأراقب. أتوقع صدأً أسرع في الماء المالح، لأن الملح يسرّع تفاعل الحديد مع الأكسجين والماء، ولو كررت التجربة بتركيزين مختلفين من الملح وزاد الصدأ مع التركيز لتأكدت النتيجة أكثر.

Sheet تصحيحي
A1: الإجابة | B1: المتغيرات والضبط | C1: خطوات التجربة وجمع البيانات | D1: التفسير العلمي | E1: المجموع | F1: الفرق عن المرجعي
A2: ج1 | E2: =IF(COUNT(B2:D2)=0,"",SUM(B2:D2)) | F2: =IF(E2="","",E2-'الدرجات المرجعية'!E2)
A3: ج2 | E3: =IF(COUNT(B3:D3)=0,"",SUM(B3:D3)) | F3: =IF(E3="","",E3-'الدرجات المرجعية'!E3)
A4: ج3 | E4: =IF(COUNT(B4:D4)=0,"",SUM(B4:D4)) | F4: =IF(E4="","",E4-'الدرجات المرجعية'!E4)
A5: ج4 | E5: =IF(COUNT(B5:D5)=0,"",SUM(B5:D5)) | F5: =IF(E5="","",E5-'الدرجات المرجعية'!E5)
A6: ج5 | E6: =IF(COUNT(B6:D6)=0,"",SUM(B6:D6)) | F6: =IF(E6="","",E6-'الدرجات المرجعية'!E6)
A7: ج6 | E7: =IF(COUNT(B7:D7)=0,"",SUM(B7:D7)) | F7: =IF(E7="","",E7-'الدرجات المرجعية'!E7)
A8: ج7 | E8: =IF(COUNT(B8:D8)=0,"",SUM(B8:D8)) | F8: =IF(E8="","",E8-'الدرجات المرجعية'!E8)
A9: ج8 | E9: =IF(COUNT(B9:D9)=0,"",SUM(B9:D9)) | F9: =IF(E9="","",E9-'الدرجات المرجعية'!E9)

Sheet تصحيح كلود
A1: الإجابة | B1: المتغيرات والضبط | C1: خطوات التجربة وجمع البيانات | D1: التفسير العلمي | E1: المجموع
A2: ج1 | E2: =IF(COUNT(B2:D2)=0,"",SUM(B2:D2))
A3: ج2 | E3: =IF(COUNT(B3:D3)=0,"",SUM(B3:D3))
A4: ج3 | E4: =IF(COUNT(B4:D4)=0,"",SUM(B4:D4))
A5: ج4 | E5: =IF(COUNT(B5:D5)=0,"",SUM(B5:D5))
A6: ج5 | E6: =IF(COUNT(B6:D6)=0,"",SUM(B6:D6))
A7: ج6 | E7: =IF(COUNT(B7:D7)=0,"",SUM(B7:D7))
A8: ج7 | E8: =IF(COUNT(B8:D8)=0,"",SUM(B8:D8))
A9: ج8 | E9: =IF(COUNT(B9:D9)=0,"",SUM(B9:D9))

Sheet الدرجات المرجعية
A1: الإجابة | B1: المتغيرات والضبط | C1: خطوات التجربة وجمع البيانات | D1: التفسير العلمي | E1: المجموع
A2: ج1 | B2: 3 | C2: 3 | D2: 3 | E2: =IF(COUNT(B2:D2)=0,"",SUM(B2:D2)) -> 9
A3: ج2 | B3: 2 | C3: 1 | D3: 1 | E3: =IF(COUNT(B3:D3)=0,"",SUM(B3:D3)) -> 4
A4: ج3 | B4: 1 | C4: 1 | D4: 0 | E4: =IF(COUNT(B4:D4)=0,"",SUM(B4:D4)) -> 2
A5: ج4 | B5: 3 | C5: 2 | D5: 2 | E5: =IF(COUNT(B5:D5)=0,"",SUM(B5:D5)) -> 7
A6: ج5 | B6: 0 | C6: 0 | D6: 1 | E6: =IF(COUNT(B6:D6)=0,"",SUM(B6:D6)) -> 1
A7: ج6 | B7: 2 | C7: 3 | D7: 1 | E7: =IF(COUNT(B7:D7)=0,"",SUM(B7:D7)) -> 6
A8: ج7 | B8: 0 | C8: 0 | D8: 2 | E8: =IF(COUNT(B8:D8)=0,"",SUM(B8:D8)) -> 2
A9: ج8 | B9: 3 | C9: 1 | D9: 3 | E9: =IF(COUNT(B9:D9)=0,"",SUM(B9:D9)) -> 7

Sheet المقارنة
A1: المقارنة | B1: عدد الدرجات المُدخلة | C1: اتفاق تام | D1: اتفاق تام أو متجاور | E1: متوسط الفرق: المتغيرات والضبط | F1: متوسط الفرق: خطوات التجربة وجمع البيانات | G1: متوسط الفرق: التفسير العلمي
A2: تصحيحي مقابل المرجعية | B2: =SUMPRODUCT(ISNUMBER(تصحيحي!$B$2:$D$9)*ISNUMBER('الدرجات المرجعية'!$B$2:$D$9)) -> 0 | C2: =IF(B2=0,"",SUMPRODUCT(ISNUMBER(تصحيحي!$B$2:$D$9)*ISNUMBER('الدرجات المرجعية'!$B$2:$D$9)*(تصحيحي!$B$2:$D$9='الدرجات المرجعية'!$B$2:$D$9))/SUMPRODUCT(ISNUMBER(تصحيحي!$B$2:$D$9)*ISNUMBER('الدرجات المرجعية'!$B$2:$D$9))) | D2: =IF(B2=0,"",SUMPRODUCT(ISNUMBER(تصحيحي!$B$2:$D$9)*ISNUMBER('الدرجات المرجعية'!$B$2:$D$9)*(ABS(تصحيحي!$B$2:$D$9-'الدرجات المرجعية'!$B$2:$D$9)<=1))/SUMPRODUCT(ISNUMBER(تصحيحي!$B$2:$D$9)*ISNUMBER('الدرجات المرجعية'!$B$2:$D$9))) | E2: =IF(SUMPRODUCT(ISNUMBER(تصحيحي!$B$2:$B$9)*ISNUMBER('الدرجات المرجعية'!$B$2:$B$9))=0,"",SUMPRODUCT(ISNUMBER(تصحيحي!$B$2:$B$9)*ISNUMBER('الدرجات المرجعية'!$B$2:$B$9)*(تصحيحي!$B$2:$B$9-'الدرجات المرجعية'!$B$2:$B$9))/SUMPRODUCT(ISNUMBER(تصحيحي!$B$2:$B$9)*ISNUMBER('الدرجات المرجعية'!$B$2:$B$9))) | F2: =IF(SUMPRODUCT(ISNUMBER(تصحيحي!$C$2:$C$9)*ISNUMBER('الدرجات المرجعية'!$C$2:$C$9))=0,"",SUMPRODUCT(ISNUMBER(تصحيحي!$C$2:$C$9)*ISNUMBER('الدرجات المرجعية'!$C$2:$C$9)*(تصحيحي!$C$2:$C$9-'الدرجات المرجعية'!$C$2:$C$9))/SUMPRODUCT(ISNUMBER(تصحيحي!$C$2:$C$9)*ISNUMBER('الدرجات المرجعية'!$C$2:$C$9))) | G2: =IF(SUMPRODUCT(ISNUMBER(تصحيحي!$D$2:$D$9)*ISNUMBER('الدرجات المرجعية'!$D$2:$D$9))=0,"",SUMPRODUCT(ISNUMBER(تصحيحي!$D$2:$D$9)*ISNUMBER('الدرجات المرجعية'!$D$2:$D$9)*(تصحيحي!$D$2:$D$9-'الدرجات المرجعية'!$D$2:$D$9))/SUMPRODUCT(ISNUMBER(تصحيحي!$D$2:$D$9)*ISNUMBER('الدرجات المرجعية'!$D$2:$D$9)))
A3: تصحيح كلود مقابل المرجعية | B3: =SUMPRODUCT(ISNUMBER('تصحيح كلود'!$B$2:$D$9)*ISNUMBER('الدرجات المرجعية'!$B$2:$D$9)) -> 0 | C3: =IF(B3=0,"",SUMPRODUCT(ISNUMBER('تصحيح كلود'!$B$2:$D$9)*ISNUMBER('الدرجات المرجعية'!$B$2:$D$9)*('تصحيح كلود'!$B$2:$D$9='الدرجات المرجعية'!$B$2:$D$9))/SUMPRODUCT(ISNUMBER('تصحيح كلود'!$B$2:$D$9)*ISNUMBER('الدرجات المرجعية'!$B$2:$D$9))) | D3: =IF(B3=0,"",SUMPRODUCT(ISNUMBER('تصحيح كلود'!$B$2:$D$9)*ISNUMBER('الدرجات المرجعية'!$B$2:$D$9)*(ABS('تصحيح كلود'!$B$2:$D$9-'الدرجات المرجعية'!$B$2:$D$9)<=1))/SUMPRODUCT(ISNUMBER('تصحيح كلود'!$B$2:$D$9)*ISNUMBER('الدرجات المرجعية'!$B$2:$D$9))) | E3: =IF(SUMPRODUCT(ISNUMBER('تصحيح كلود'!$B$2:$B$9)*ISNUMBER('الدرجات المرجعية'!$B$2:$B$9))=0,"",SUMPRODUCT(ISNUMBER('تصحيح كلود'!$B$2:$B$9)*ISNUMBER('الدرجات المرجعية'!$B$2:$B$9)*('تصحيح كلود'!$B$2:$B$9-'الدرجات المرجعية'!$B$2:$B$9))/SUMPRODUCT(ISNUMBER('تصحيح كلود'!$B$2:$B$9)*ISNUMBER('الدرجات المرجعية'!$B$2:$B$9))) | F3: =IF(SUMPRODUCT(ISNUMBER('تصحيح كلود'!$C$2:$C$9)*ISNUMBER('الدرجات المرجعية'!$C$2:$C$9))=0,"",SUMPRODUCT(ISNUMBER('تصحيح كلود'!$C$2:$C$9)*ISNUMBER('الدرجات المرجعية'!$C$2:$C$9)*('تصحيح كلود'!$C$2:$C$9-'الدرجات المرجعية'!$C$2:$C$9))/SUMPRODUCT(ISNUMBER('تصحيح كلود'!$C$2:$C$9)*ISNUMBER('الدرجات المرجعية'!$C$2:$C$9))) | G3: =IF(SUMPRODUCT(ISNUMBER('تصحيح كلود'!$D$2:$D$9)*ISNUMBER('الدرجات المرجعية'!$D$2:$D$9))=0,"",SUMPRODUCT(ISNUMBER('تصحيح كلود'!$D$2:$D$9)*ISNUMBER('الدرجات المرجعية'!$D$2:$D$9)*('تصحيح كلود'!$D$2:$D$9-'الدرجات المرجعية'!$D$2:$D$9))/SUMPRODUCT(ISNUMBER('تصحيح كلود'!$D$2:$D$9)*ISNUMBER('الدرجات المرجعية'!$D$2:$D$9)))
A4: تصحيحي مقابل تصحيح كلود | B4: =SUMPRODUCT(ISNUMBER(تصحيحي!$B$2:$D$9)*ISNUMBER('تصحيح كلود'!$B$2:$D$9)) -> 0 | C4: =IF(B4=0,"",SUMPRODUCT(ISNUMBER(تصحيحي!$B$2:$D$9)*ISNUMBER('تصحيح كلود'!$B$2:$D$9)*(تصحيحي!$B$2:$D$9='تصحيح كلود'!$B$2:$D$9))/SUMPRODUCT(ISNUMBER(تصحيحي!$B$2:$D$9)*ISNUMBER('تصحيح كلود'!$B$2:$D$9))) | D4: =IF(B4=0,"",SUMPRODUCT(ISNUMBER(تصحيحي!$B$2:$D$9)*ISNUMBER('تصحيح كلود'!$B$2:$D$9)*(ABS(تصحيحي!$B$2:$D$9-'تصحيح كلود'!$B$2:$D$9)<=1))/SUMPRODUCT(ISNUMBER(تصحيحي!$B$2:$D$9)*ISNUMBER('تصحيح كلود'!$B$2:$D$9))) | E4: =IF(SUMPRODUCT(ISNUMBER(تصحيحي!$B$2:$B$9)*ISNUMBER('تصحيح كلود'!$B$2:$B$9))=0,"",SUMPRODUCT(ISNUMBER(تصحيحي!$B$2:$B$9)*ISNUMBER('تصحيح كلود'!$B$2:$B$9)*(تصحيحي!$B$2:$B$9-'تصحيح كلود'!$B$2:$B$9))/SUMPRODUCT(ISNUMBER(تصحيحي!$B$2:$B$9)*ISNUMBER('تصحيح كلود'!$B$2:$B$9))) | F4: =IF(SUMPRODUCT(ISNUMBER(تصحيحي!$C$2:$C$9)*ISNUMBER('تصحيح كلود'!$C$2:$C$9))=0,"",SUMPRODUCT(ISNUMBER(تصحيحي!$C$2:$C$9)*ISNUMBER('تصحيح كلود'!$C$2:$C$9)*(تصحيحي!$C$2:$C$9-'تصحيح كلود'!$C$2:$C$9))/SUMPRODUCT(ISNUMBER(تصحيحي!$C$2:$C$9)*ISNUMBER('تصحيح كلود'!$C$2:$C$9))) | G4: =IF(SUMPRODUCT(ISNUMBER(تصحيحي!$D$2:$D$9)*ISNUMBER('تصحيح كلود'!$D$2:$D$9))=0,"",SUMPRODUCT(ISNUMBER(تصحيحي!$D$2:$D$9)*ISNUMBER('تصحيح كلود'!$D$2:$D$9)*(تصحيحي!$D$2:$D$9-'تصحيح كلود'!$D$2:$D$9))/SUMPRODUCT(ISNUMBER(تصحيحي!$D$2:$D$9)*ISNUMBER('تصحيح كلود'!$D$2:$D$9)))
A6: قراءة متوسط الفرق: الموجب يعني أن المصحّح الأول أكثر تساهلاً في هذا المعيار، والسالب أكثر تشدداً.
A7: الإجابات التي يختلف فيها مجموعك عن المرجعي بدرجتين أو أكثر: | D7: =COUNTIF(تصحيحي!$F$2:$F$9,">=2")+COUNTIF(تصحيحي!$F$2:$F$9,"<=-2") -> 0
