Workbook

Sheet Read me
A1: Week 3 workshop — Validity evidence: aligning a school test with its outcomes
A2: Course: Educational Measurement and Evaluation — Postgraduate Professional Diploma in Teaching
A4: Note: the test and the expert ratings are a training sample prepared for the course, not a real school test.
A5: Test for the unit «Matter and Its Changes» for Grade 8: 20 items, with a total of 30 marks.
A6: The test contains deliberate alignment problems. Your task is to detect them with the numbers, then propose a revision that addresses them.
A8: Workbook sheets:
A9: Outcomes and levels: the unit's six outcomes and their intended weights, and the intended distribution of cognitive levels.
A10: Test: the text of each item, its type, the outcome and level it measures, and its marks.
A11: Alignment matrix: the actual weight of each outcome and each level compared with the intended weight, and the coverage index.
A12: Expert validity: five experts' ratings of how relevant each item is to its outcome, and the content validity index.
A14: Yellow cells are editable inputs. Try this: move items from O1 to O5 and watch the coverage index.

Sheet Outcomes and levels
A1: Code | B1: Learning outcome | C1: Intended weight
A2: O1 | B2: Distinguishes between physical changes and chemical changes | C2: 0.2
A3: O2 | B3: Explains the properties of the states of matter using the particle model | C3: 0.2
A4: O3 | B4: Calculates density and uses it to explain floating | C4: 0.15
A5: O4 | B5: Identifies evidence that a chemical reaction has occurred | C5: 0.15
A6: O5 | B6: Applies the law of conservation of mass to simple reactions | C6: 0.15
A7: O6 | B7: Plans the separation of the components of a mixture using suitable methods | C7: 0.15
B8: Total | C8: =SUM(C2:C7) -> 1
A11: Cognitive level | C11: Intended weight
A12: Knowing | C12: 0.35
A13: Applying | C13: 0.4
A14: Reasoning | C14: 0.25

Sheet Test
A1: Item | B1: Item text | C1: Item type | D1: Outcome | E1: Level | F1: Marks
A2: 1 | B2: Which of the following is a physical change? (A) burning paper (B) melting ice (C) rusting iron (D) cooking an egg | C2: Multiple choice | D2: O1 | E2: Knowing | F2: 1
A3: 2 | B3: Which of the following is a chemical change? (A) evaporation of water (B) tearing paper (C) fermentation of dough (D) grinding sugar | C3: Multiple choice | D3: O1 | E3: Knowing | F3: 1
A4: 3 | B4: Dissolving sugar in water is a chemical change. (True / False) | C4: True or false | D4: O1 | E4: Knowing | F4: 1
A5: 4 | B5: Define a physical change. | C5: Short answer | D5: O1 | E5: Knowing | F5: 1
A6: 5 | B6: Give two examples of a chemical change from your daily life. | C6: Short answer | D6: O1 | E6: Knowing | F6: 1
A7: 6 | B7: Melting wax is an example of a ................... change | C7: Completion | D7: O1 | E7: Knowing | F7: 1
A8: 7 | B8: Classify the following changes as physical or chemical: frying an egg, freezing water, burning wood, dissolving salt. | C8: Short answer | D8: O1 | E8: Applying | F8: 2
A9: 8 | B9: Which of the following statements about chemical change is correct? (four options) | C9: Multiple choice | D9: O1 | E9: Knowing | F9: 1
A10: 9 | B10: Condensation of water vapour on cold glass is a ................ change | C10: Completion | D10: O1 | E10: Knowing | F10: 1
A11: 10 | B11: In which state are the particles closest together? (A) solid (B) liquid (C) gas (D) equal | C11: Multiple choice | D11: O2 | E11: Knowing | F11: 1
A12: 11 | B12: Name the three states of matter. | C12: Short answer | D12: O2 | E12: Knowing | F12: 1
A13: 12 | B13: Using the particle model, explain why a balloon inflates when it is heated. | C13: Short answer | D13: O2 | E13: Applying | F13: 3
... A21: 20 | B21: You have a mixture of sand, salt and water. Write the steps for separating its three components. | C21: Extended response | D21: O6 | E21: Applying | F21: 3
E22: Total | F22: =SUM(F2:F21) -> 30

Sheet Alignment matrix
A1: Outcome | B1: No. of items | C1: Marks | D1: Actual weight | E1: Intended weight | F1: Gap (percentage points) | G1: Judgement | J1: Tolerance (percentage points)
A2: ='Outcomes and levels'!A2 -> O1 | B2: =COUNTIF(Test!$D$2:$D$21,A2) -> 9 | C2: =SUMIF(Test!$D$2:$D$21,A2,Test!$F$2:$F$21) -> 10 | D2: =C2/Test!$F$22 -> 0.33333333 | E2: ='Outcomes and levels'!C2 -> 0.2 | F2: =ROUND((D2-E2)*100,1) -> 13.3 | G2: =IF(B2=0,"Not represented",IF(F2>$J$2,"Over-represented",IF(F2<-$J$2,"Under-represented","Balanced"))) -> Over-represented | J2: 5
A3: ='Outcomes and levels'!A3 -> O2 | B3: =COUNTIF(Test!$D$2:$D$21,A3) -> 4 | C3: =SUMIF(Test!$D$2:$D$21,A3,Test!$F$2:$F$21) -> 6 | D3: =C3/Test!$F$22 -> 0.2 | E3: ='Outcomes and levels'!C3 -> 0.2 | F3: =ROUND((D3-E3)*100,1) -> 0 | G3: =IF(B3=0,"Not represented",IF(F3>$J$2,"Over-represented",IF(F3<-$J$2,"Under-represented","Balanced"))) -> Balanced
A4: ='Outcomes and levels'!A4 -> O3 | B4: =COUNTIF(Test!$D$2:$D$21,A4) -> 3 | C4: =SUMIF(Test!$D$2:$D$21,A4,Test!$F$2:$F$21) -> 5 | D4: =C4/Test!$F$22 -> 0.16666667 | E4: ='Outcomes and levels'!C4 -> 0.15 | F4: =ROUND((D4-E4)*100,1) -> 1.7 | G4: =IF(B4=0,"Not represented",IF(F4>$J$2,"Over-represented",IF(F4<-$J$2,"Under-represented","Balanced"))) -> Balanced
A5: ='Outcomes and levels'!A5 -> O4 | B5: =COUNTIF(Test!$D$2:$D$21,A5) -> 3 | C5: =SUMIF(Test!$D$2:$D$21,A5,Test!$F$2:$F$21) -> 6 | D5: =C5/Test!$F$22 -> 0.2 | E5: ='Outcomes and levels'!C5 -> 0.15 | F5: =ROUND((D5-E5)*100,1) -> 5 | G5: =IF(B5=0,"Not represented",IF(F5>$J$2,"Over-represented",IF(F5<-$J$2,"Under-represented","Balanced"))) -> Balanced
A6: ='Outcomes and levels'!A6 -> O5 | B6: =COUNTIF(Test!$D$2:$D$21,A6) -> 0 | C6: =SUMIF(Test!$D$2:$D$21,A6,Test!$F$2:$F$21) -> 0 | D6: =C6/Test!$F$22 -> 0 | E6: ='Outcomes and levels'!C6 -> 0.15 | F6: =ROUND((D6-E6)*100,1) -> -15 | G6: =IF(B6=0,"Not represented",IF(F6>$J$2,"Over-represented",IF(F6<-$J$2,"Under-represented","Balanced"))) -> Not represented
A7: ='Outcomes and levels'!A7 -> O6 | B7: =COUNTIF(Test!$D$2:$D$21,A7) -> 1 | C7: =SUMIF(Test!$D$2:$D$21,A7,Test!$F$2:$F$21) -> 3 | D7: =C7/Test!$F$22 -> 0.1 | E7: ='Outcomes and levels'!C7 -> 0.15 | F7: =ROUND((D7-E7)*100,1) -> -5 | G7: =IF(B7=0,"Not represented",IF(F7>$J$2,"Over-represented",IF(F7<-$J$2,"Under-represented","Balanced"))) -> Balanced
A9: Level | B9: No. of items | C9: Marks | D9: Actual weight | E9: Intended weight | F9: Gap (percentage points) | G9: Judgement
A10: ='Outcomes and levels'!A12 -> Knowing | B10: =COUNTIF(Test!$E$2:$E$21,A10) -> 15 | C10: =SUMIF(Test!$E$2:$E$21,A10,Test!$F$2:$F$21) -> 15 | D10: =C10/Test!$F$22 -> 0.5 | E10: ='Outcomes and levels'!C12 -> 0.35 | F10: =ROUND((D10-E10)*100,1) -> 15 | G10: =IF(B10=0,"Not represented",IF(F10>$J$2,"Over-represented",IF(F10<-$J$2,"Under-represented","Balanced"))) -> Over-represented
A11: ='Outcomes and levels'!A13 -> Applying | B11: =COUNTIF(Test!$E$2:$E$21,A11) -> 4 | C11: =SUMIF(Test!$E$2:$E$21,A11,Test!$F$2:$F$21) -> 11 | D11: =C11/Test!$F$22 -> 0.36666667 | E11: ='Outcomes and levels'!C13 -> 0.4 | F11: =ROUND((D11-E11)*100,1) -> -3.3 | G11: =IF(B11=0,"Not represented",IF(F11>$J$2,"Over-represented",IF(F11<-$J$2,"Under-represented","Balanced"))) -> Balanced
A12: ='Outcomes and levels'!A14 -> Reasoning | B12: =COUNTIF(Test!$E$2:$E$21,A12) -> 1 | C12: =SUMIF(Test!$E$2:$E$21,A12,Test!$F$2:$F$21) -> 4 | D12: =C12/Test!$F$22 -> 0.13333333 | E12: ='Outcomes and levels'!C14 -> 0.25 | F12: =ROUND((D12-E12)*100,1) -> -11.7 | G12: =IF(B12=0,"Not represented",IF(F12>$J$2,"Over-represented",IF(F12<-$J$2,"Under-represented","Balanced"))) -> Under-represented
A15: Coverage index | C15: =COUNTIF(G2:G7,"Balanced")/6 -> 0.66666667 | D15: Proportion of outcomes whose actual weight falls within the tolerance
A16: Outcomes not represented | C16: =COUNTIF(G2:G7,"Not represented") -> 1

Sheet Expert validity
A1: Item | B1: Expert 1 | C1: Expert 2 | D1: Expert 3 | E1: Expert 4 | F1: Expert 5 | G1: No. rating 3 or 4 | H1: Item content validity index | I1: Judgement | K1: Criterion
A2: I1 | B2: 4 | C2: 4 | D2: 3 | E2: 4 | F2: 4 | G2: =COUNTIF(B2:F2,">=3") -> 5 | H2: =G2/COUNT(B2:F2) -> 1 | I2: =IF(H2>=$L$3,"Acceptable","Needs review") -> Acceptable | K2: Number of experts | L2: =COUNTA(B1:F1) -> 5
A3: I2 | B3: 4 | C3: 4 | D3: 3 | E3: 4 | F3: 4 | G3: =COUNTIF(B3:F3,">=3") -> 5 | H3: =G3/COUNT(B3:F3) -> 1 | I3: =IF(H3>=$L$3,"Acceptable","Needs review") -> Acceptable | K3: Minimum item content validity index | L3: =IF(L2<=5,1,0.78) -> 1
A4: I3 | B4: 2 | C4: 3 | D4: 4 | E4: 2 | F4: 4 | G4: =COUNTIF(B4:F4,">=3") -> 3 | H4: =G4/COUNT(B4:F4) -> 0.6 | I4: =IF(H4>=$L$3,"Acceptable","Needs review") -> Needs review
A5: I4 | B5: 4 | C5: 4 | D5: 3 | E5: 4 | F5: 4 | G5: =COUNTIF(B5:F5,">=3") -> 5 | H5: =G5/COUNT(B5:F5) -> 1 | I5: =IF(H5>=$L$3,"Acceptable","Needs review") -> Acceptable | K5: Mean content validity index for the test | L5: =AVERAGE(H2:H21) -> 0.93
A6: I5 | B6: 4 | C6: 4 | D6: 3 | E6: 4 | F6: 4 | G6: =COUNTIF(B6:F6,">=3") -> 5 | H6: =G6/COUNT(B6:F6) -> 1 | I6: =IF(H6>=$L$3,"Acceptable","Needs review") -> Acceptable | K6: Proportion of items with full agreement | L6: =COUNTIF(H2:H21,1)/COUNT(H2:H21) -> 0.85
A7: I6 | B7: 4 | C7: 3 | D7: 4 | E7: 4 | F7: 3 | G7: =COUNTIF(B7:F7,">=3") -> 5 | H7: =G7/COUNT(B7:F7) -> 1 | I7: =IF(H7>=$L$3,"Acceptable","Needs review") -> Acceptable | K7: Items needing review | L7: =COUNTIF(I2:I21,"Needs review") -> 3
A8: I7 | B8: 4 | C8: 4 | D8: 3 | E8: 4 | F8: 4 | G8: =COUNTIF(B8:F8,">=3") -> 5 | H8: =G8/COUNT(B8:F8) -> 1 | I8: =IF(H8>=$L$3,"Acceptable","Needs review") -> Acceptable
A9: I8 | B9: 4 | C9: 4 | D9: 3 | E9: 4 | F9: 4 | G9: =COUNTIF(B9:F9,">=3") -> 5 | H9: =G9/COUNT(B9:F9) -> 1 | I9: =IF(H9>=$L$3,"Acceptable","Needs review") -> Acceptable | K9: Rating scale: 1 not relevant, 2 somewhat relevant, 3 relevant, 4 highly relevant to the outcome
A10: I9 | B10: 4 | C10: 3 | D10: 4 | E10: 4 | F10: 3 | G10: =COUNTIF(B10:F10,">=3") -> 5 | H10: =G10/COUNT(B10:F10) -> 1 | I10: =IF(H10>=$L$3,"Acceptable","Needs review") -> Acceptable
A11: I10 | B11: 4 | C11: 4 | D11: 3 | E11: 4 | F11: 4 | G11: =COUNTIF(B11:F11,">=3") -> 5 | H11: =G11/COUNT(B11:F11) -> 1 | I11: =IF(H11>=$L$3,"Acceptable","Needs review") -> Acceptable
A12: I11 | B12: 2 | C12: 1 | D12: 3 | E12: 2 | F12: 2 | G12: =COUNTIF(B12:F12,">=3") -> 1 | H12: =G12/COUNT(B12:F12) -> 0.2 | I12: =IF(H12>=$L$3,"Acceptable","Needs review") -> Needs review
A13: I12 | B13: 4 | C13: 3 | D13: 4 | E13: 4 | F13: 3 | G13: =COUNTIF(B13:F13,">=3") -> 5 | H13: =G13/COUNT(B13:F13) -> 1 | I13: =IF(H13>=$L$3,"Acceptable","Needs review") -> Acceptable
A14: I13 | B14: 4 | C14: 4 | D14: 3 | E14: 4 | F14: 4 | G14: =COUNTIF(B14:F14,">=3") -> 5 | H14: =G14/COUNT(B14:F14) -> 1 | I14: =IF(H14>=$L$3,"Acceptable","Needs review") -> Acceptable
A15: I14 | B15: 4 | C15: 3 | D15: 4 | E15: 2 | F15: 4 | G15: =COUNTIF(B15:F15,">=3") -> 4 | H15: =G15/COUNT(B15:F15) -> 0.8 | I15: =IF(H15>=$L$3,"Acceptable","Needs review") -> Needs review
A16: I15 | B16: 4 | C16: 3 | D16: 4 | E16: 4 | F16: 3 | G16: =COUNTIF(B16:F16,">=3") -> 5 | H16: =G16/COUNT(B16:F16) -> 1 | I16: =IF(H16>=$L$3,"Acceptable","Needs review") -> Acceptable
A17: I16 | B17: 4 | C17: 4 | D17: 3 | E17: 4 | F17: 4 | G17: =COUNTIF(B17:F17,">=3") -> 5 | H17: =G17/COUNT(B17:F17) -> 1 | I17: =IF(H17>=$L$3,"Acceptable","Needs review") -> Acceptable
A18: I17 | B18: 4 | C18: 4 | D18: 3 | E18: 4 | F18: 4 | G18: =COUNTIF(B18:F18,">=3") -> 5 | H18: =G18/COUNT(B18:F18) -> 1 | I18: =IF(H18>=$L$3,"Acceptable","Needs review") -> Acceptable
A19: I18 | B19: 4 | C19: 3 | D19: 4 | E19: 4 | F19: 3 | G19: =COUNTIF(B19:F19,">=3") -> 5 | H19: =G19/COUNT(B19:F19) -> 1 | I19: =IF(H19>=$L$3,"Acceptable","Needs review") -> Acceptable
A20: I19 | B20: 4 | C20: 4 | D20: 3 | E20: 4 | F20: 4 | G20: =COUNTIF(B20:F20,">=3") -> 5 | H20: =G20/COUNT(B20:F20) -> 1 | I20: =IF(H20>=$L$3,"Acceptable","Needs review") -> Acceptable
A21: I20 | B21: 4 | C21: 4 | D21: 3 | E21: 4 | F21: 4 | G21: =COUNTIF(B21:F21,">=3") -> 5 | H21: =G21/COUNT(B21:F21) -> 1 | I21: =IF(H21>=$L$3,"Acceptable","Needs review") -> Acceptable
