Workbook

Sheet Read me
A1: Week 4 workshop — Reliability and the Standard Error of Measurement
A2: Educational Measurement and Evaluation — Postgraduate Professional Diploma in Teaching
A4: Note: all data are computer-simulated for training purposes and do not belong to real students.
A5: A short 20-item test was given to 40 students, then re-administered two weeks later, and 30 essay responses were scored by two raters.
A7: Workbook sheets and the four types of reliability:
A8: Internal consistency: the Kuder–Richardson 20 coefficient from students' responses to the items.
A9: Split-half: the correlation of odd items with even items, then the Spearman–Brown correction.
A10: Test-retest: the correlation between scores on the first and second administrations.
A11: Inter-rater agreement: exact and adjacent agreement rates, and Cohen's kappa.
A12: SEM: translating reliability into score points, and confidence bands around the scores of three students.
A14: All coefficients are live formulas that recalculate if you edit the data. Calculations use population variance formulas (VARP).

Sheet Internal consistency
A1: Student | B1: I1 | C1: I2 | D1: I3 | E1: I4 | F1: I5 | G1: I6 | H1: I7 | I1: I8 | J1: I9 | K1: I10 | L1: I11 | M1: I12 | N1: I13 | O1: I14 | P1: I15 | Q1: I16 | R1: I17 | S1: I18 | T1: I19 | U1: I20 | V1: Total score | W1: Odd items | X1: Even items
A2: S01 | B2: 1 | C2: 1 | D2: 0 | E2: 0 | F2: 1 | G2: 1 | H2: 0 | I2: 1 | J2: 1 | K2: 1 | L2: 0 | M2: 1 | N2: 1 | O2: 0 | P2: 1 | Q2: 1 | R2: 0 | S2: 1 | T2: 1 | U2: 1 | V2: =SUM(B2:U2) -> 14 | W2: =B2+D2+F2+H2+J2+L2+N2+P2+R2+T2 -> 6 | X2: =C2+E2+G2+I2+K2+M2+O2+Q2+S2+U2 -> 8
A3: S02 | B3: 0 | C3: 0 | D3: 1 | E3: 0 | F3: 0 | G3: 0 | H3: 0 | I3: 1 | J3: 1 | K3: 0 | L3: 1 | M3: 1 | N3: 0 | O3: 1 | P3: 0 | Q3: 0 | R3: 0 | S3: 0 | T3: 0 | U3: 0 | V3: =SUM(B3:U3) -> 6 | W3: =B3+D3+F3+H3+J3+L3+N3+P3+R3+T3 -> 3 | X3: =C3+E3+G3+I3+K3+M3+O3+Q3+S3+U3 -> 3
A4: S03 | B4: 0 | C4: 0 | D4: 1 | E4: 0 | F4: 0 | G4: 0 | H4: 1 | I4: 1 | J4: 1 | K4: 1 | L4: 1 | M4: 1 | N4: 0 | O4: 1 | P4: 1 | Q4: 1 | R4: 0 | S4: 1 | T4: 1 | U4: 1 | V4: =SUM(B4:U4) -> 13 | W4: =B4+D4+F4+H4+J4+L4+N4+P4+R4+T4 -> 6 | X4: =C4+E4+G4+I4+K4+M4+O4+Q4+S4+U4 -> 7
A5: S04 | B5: 1 | C5: 0 | D5: 1 | E5: 1 | F5: 0 | G5: 0 | H5: 1 | I5: 1 | J5: 1 | K5: 1 | L5: 0 | M5: 1 | N5: 0 | O5: 1 | P5: 1 | Q5: 1 | R5: 1 | S5: 1 | T5: 1 | U5: 1 | V5: =SUM(B5:U5) -> 15 | W5: =B5+D5+F5+H5+J5+L5+N5+P5+R5+T5 -> 7 | X5: =C5+E5+G5+I5+K5+M5+O5+Q5+S5+U5 -> 8
A6: S05 | B6: 1 | C6: 0 | D6: 1 | E6: 1 | F6: 1 | G6: 0 | H6: 0 | I6: 1 | J6: 1 | K6: 1 | L6: 0 | M6: 1 | N6: 0 | O6: 1 | P6: 0 | Q6: 0 | R6: 1 | S6: 1 | T6: 1 | U6: 1 | V6: =SUM(B6:U6) -> 13 | W6: =B6+D6+F6+H6+J6+L6+N6+P6+R6+T6 -> 6 | X6: =C6+E6+G6+I6+K6+M6+O6+Q6+S6+U6 -> 7
A7: S06 | B7: 1 | C7: 0 | D7: 1 | E7: 0 | F7: 0 | G7: 0 | H7: 0 | I7: 1 | J7: 1 | K7: 1 | L7: 0 | M7: 1 | N7: 0 | O7: 1 | P7: 0 | Q7: 1 | R7: 1 | S7: 0 | T7: 1 | U7: 0 | V7: =SUM(B7:U7) -> 10 | W7: =B7+D7+F7+H7+J7+L7+N7+P7+R7+T7 -> 5 | X7: =C7+E7+G7+I7+K7+M7+O7+Q7+S7+U7 -> 5
A8: S07 | B8: 0 | C8: 0 | D8: 1 | E8: 0 | F8: 0 | G8: 0 | H8: 1 | I8: 1 | J8: 0 | K8: 1 | L8: 0 | M8: 0 | N8: 1 | O8: 0 | P8: 0 | Q8: 1 | R8: 0 | S8: 1 | T8: 0 | U8: 1 | V8: =SUM(B8:U8) -> 8 | W8: =B8+D8+F8+H8+J8+L8+N8+P8+R8+T8 -> 3 | X8: =C8+E8+G8+I8+K8+M8+O8+Q8+S8+U8 -> 5
A9: S08 | B9: 1 | C9: 0 | D9: 1 | E9: 1 | F9: 1 | G9: 0 | H9: 1 | I9: 1 | J9: 1 | K9: 1 | L9: 1 | M9: 1 | N9: 1 | O9: 1 | P9: 1 | Q9: 1 | R9: 1 | S9: 1 | T9: 1 | U9: 1 | V9: =SUM(B9:U9) -> 18 | W9: =B9+D9+F9+H9+J9+L9+N9+P9+R9+T9 -> 10 | X9: =C9+E9+G9+I9+K9+M9+O9+Q9+S9+U9 -> 8
A10: S09 | B10: 0 | C10: 0 | D10: 1 | E10: 0 | F10: 0 | G10: 0 | H10: 0 | I10: 0 | J10: 0 | K10: 0 | L10: 0 | M10: 1 | N10: 0 | O10: 0 | P10: 0 | Q10: 0 | R10: 0 | S10: 0 | T10: 0 | U10: 0 | V10: =SUM(B10:U10) -> 2 | W10: =B10+D10+F10+H10+J10+L10+N10+P10+R10+T10 -> 1 | X10: =C10+E10+G10+I10+K10+M10+O10+Q10+S10+U10 -> 1
A11: S10 | B11: 1 | C11: 1 | D11: 1 | E11: 1 | F11: 1 | G11: 1 | H11: 1 | I11: 1 | J11: 0 | K11: 1 | L11: 0 | M11: 1 | N11: 0 | O11: 1 | P11: 1 | Q11: 1 | R11: 1 | S11: 1 | T11: 1 | U11: 1 | V11: =SUM(B11:U11) -> 17 | W11: =B11+D11+F11+H11+J11+L11+N11+P11+R11+T11 -> 7 | X11: =C11+E11+G11+I11+K11+M11+O11+Q11+S11+U11 -> 10
A12: S11 | B12: 1 | C12: 0 | D12: 1 | E12: 0 | F12: 0 | G12: 0 | H12: 0 | I12: 0 | J12: 0 | K12: 1 | L12: 0 | M12: 1 | N12: 0 | O12: 1 | P12: 0 | Q12: 0 | R12: 1 | S12: 0 | T12: 0 | U12: 0 | V12: =SUM(B12:U12) -> 6 | W12: =B12+D12+F12+H12+J12+L12+N12+P12+R12+T12 -> 3 | X12: =C12+E12+G12+I12+K12+M12+O12+Q12+S12+U12 -> 3
A13: S12 | B13: 1 | C13: 0 | D13: 1 | E13: 1 | F13: 0 | G13: 0 | H13: 0 | I13: 1 | J13: 0 | K13: 1 | L13: 0 | M13: 1 | N13: 0 | O13: 0 | P13: 0 | Q13: 0 | R13: 1 | S13: 0 | T13: 1 | U13: 0 | V13: =SUM(B13:U13) -> 8 | W13: =B13+D13+F13+H13+J13+L13+N13+P13+R13+T13 -> 4 | X13: =C13+E13+G13+I13+K13+M13+O13+Q13+S13+U13 -> 4
... A41: S40 | B41: 1 | C41: 0 | D41: 1 | E41: 0 | F41: 1 | G41: 0 | H41: 0 | I41: 1 | J41: 1 | K41: 1 | L41: 1 | M41: 1 | N41: 1 | O41: 1 | P41: 0 | Q41: 1 | R41: 1 | S41: 1 | T41: 1 | U41: 1 | V41: =SUM(B41:U41) -> 15 | W41: =B41+D41+F41+H41+J41+L41+N41+P41+R41+T41 -> 8 | X41: =C41+E41+G41+I41+K41+M41+O41+Q41+S41+U41 -> 7
A43: Difficulty p | B43: =AVERAGE(B2:B41) -> 0.675 | C43: =AVERAGE(C2:C41) -> 0.15 | D43: =AVERAGE(D2:D41) -> 0.925 | E43: =AVERAGE(E2:E41) -> 0.275 | F43: =AVERAGE(F2:F41) -> 0.325 | G43: =AVERAGE(G2:G41) -> 0.15 | H43: =AVERAGE(H2:H41) -> 0.5 | I43: =AVERAGE(I2:I41) -> 0.775 | ... U43: =AVERAGE(U2:U41) -> 0.6
A44: Variance p×q | B44: =B43*(1-B43) -> 0.219375 | C44: =C43*(1-C43) -> 0.1275 | D44: =D43*(1-D43) -> 0.069375 | E44: =E43*(1-E43) -> 0.199375 | F44: =F43*(1-F43) -> 0.219375 | G44: =G43*(1-G43) -> 0.1275 | H44: =H43*(1-H43) -> 0.25 | I44: =I43*(1-I43) -> 0.174375 | ... U44: =U43*(1-U43) -> 0.24
A47: Number of items k | B47: 20
A48: Sum of item variances | B48: =SUM(B44:U44) -> 4.020625
A49: Total score variance | B49: =VARP($V$2:$V$41) -> 26.074375
A50: Kuder–Richardson 20 coefficient | B50: =B47/(B47-1)*(1-B48/B49) -> 0.89031755
A51: Correlation between halves | B51: =CORREL($W$2:$W$41,$X$2:$X$41) -> 0.85041157
A52: After Spearman–Brown correction | B52: =2*B51/(1+B51) -> 0.91915937

Sheet Test-retest
A1: Student | B1: First administration | C1: Second administration (two weeks later) | D1: Difference
A2: S01 | B2: ='Internal consistency'!V2 -> 14 | C2: 18 | D2: =C2-B2 -> 4 | F2: Test-retest reliability coefficient | G2: =CORREL(B2:B41,C2:C41) -> 0.89830502
A3: S02 | B3: ='Internal consistency'!V3 -> 6 | C3: 7 | D3: =C3-B3 -> 1 | F3: Mean, first administration | G3: =AVERAGE(B2:B41) -> 10.025
A4: S03 | B4: ='Internal consistency'!V4 -> 13 | C4: 15 | D4: =C4-B4 -> 2 | F4: Mean, second administration | G4: =AVERAGE(C2:C41) -> 10.775
A5: S04 | B5: ='Internal consistency'!V5 -> 15 | C5: 17 | D5: =C5-B5 -> 2
A6: S05 | B6: ='Internal consistency'!V6 -> 13 | C6: 12 | D6: =C6-B6 -> -1
A7: S06 | B7: ='Internal consistency'!V7 -> 10 | C7: 7 | D7: =C7-B7 -> -3
A8: S07 | B8: ='Internal consistency'!V8 -> 8 | C8: 11 | D8: =C8-B8 -> 3
A9: S08 | B9: ='Internal consistency'!V9 -> 18 | C9: 17 | D9: =C9-B9 -> -1
A10: S09 | B10: ='Internal consistency'!V10 -> 2 | C10: 1 | D10: =C10-B10 -> -1
A11: S10 | B11: ='Internal consistency'!V11 -> 17 | C11: 18 | D11: =C11-B11 -> 1
A12: S11 | B12: ='Internal consistency'!V12 -> 6 | C12: 7 | D12: =C12-B12 -> 1
A13: S12 | B13: ='Internal consistency'!V13 -> 8 | C13: 7 | D13: =C13-B13 -> -1
A14: S13 | B14: ='Internal consistency'!V14 -> 7 | C14: 8 | D14: =C14-B14 -> 1
A15: S14 | B15: ='Internal consistency'!V15 -> 7 | C15: 8 | D15: =C15-B15 -> 1
A16: S15 | B16: ='Internal consistency'!V16 -> 8 | C16: 8 | D16: =C16-B16 -> 0
... A41: S40 | B41: ='Internal consistency'!V41 -> 15 | C41: 15 | D41: =C41-B41 -> 0

Sheet Inter-rater agreement
A1: Response | B1: Rater A | C1: Rater B | D1: Exact agreement | E1: Adjacent agreement | H1: Contingency table: rows Rater A, columns Rater B
A2: E01 | B2: 0 | C2: 1 | D2: =IF(B2=C2,1,0) -> 0 | E2: =IF(ABS(B2-C2)<=1,1,0) -> 1 | H2: A \ B | I2: 0 | J2: 1 | K2: 2 | L2: 3 | M2: 4 | N2: Total
A3: E02 | B3: 1 | C3: 2 | D3: =IF(B3=C3,1,0) -> 0 | E3: =IF(ABS(B3-C3)<=1,1,0) -> 1 | H3: 0 | I3: =COUNTIFS($B$2:$B$31,$H3,$C$2:$C$31,I$2) -> 0 | J3: =COUNTIFS($B$2:$B$31,$H3,$C$2:$C$31,J$2) -> 1 | K3: =COUNTIFS($B$2:$B$31,$H3,$C$2:$C$31,K$2) -> 0 | L3: =COUNTIFS($B$2:$B$31,$H3,$C$2:$C$31,L$2) -> 0 | M3: =COUNTIFS($B$2:$B$31,$H3,$C$2:$C$31,M$2) -> 0 | N3: =SUM(I3:M3) -> 1
A4: E03 | B4: 2 | C4: 1 | D4: =IF(B4=C4,1,0) -> 0 | E4: =IF(ABS(B4-C4)<=1,1,0) -> 1 | H4: 1 | I4: =COUNTIFS($B$2:$B$31,$H4,$C$2:$C$31,I$2) -> 3 | J4: =COUNTIFS($B$2:$B$31,$H4,$C$2:$C$31,J$2) -> 4 | K4: =COUNTIFS($B$2:$B$31,$H4,$C$2:$C$31,K$2) -> 2 | L4: =COUNTIFS($B$2:$B$31,$H4,$C$2:$C$31,L$2) -> 0 | M4: =COUNTIFS($B$2:$B$31,$H4,$C$2:$C$31,M$2) -> 0 | N4: =SUM(I4:M4) -> 9
A5: E04 | B5: 2 | C5: 2 | D5: =IF(B5=C5,1,0) -> 1 | E5: =IF(ABS(B5-C5)<=1,1,0) -> 1 | H5: 2 | I5: =COUNTIFS($B$2:$B$31,$H5,$C$2:$C$31,I$2) -> 0 | J5: =COUNTIFS($B$2:$B$31,$H5,$C$2:$C$31,J$2) -> 2 | K5: =COUNTIFS($B$2:$B$31,$H5,$C$2:$C$31,K$2) -> 7 | L5: =COUNTIFS($B$2:$B$31,$H5,$C$2:$C$31,L$2) -> 2 | M5: =COUNTIFS($B$2:$B$31,$H5,$C$2:$C$31,M$2) -> 0 | N5: =SUM(I5:M5) -> 11
A6: E05 | B6: 1 | C6: 0 | D6: =IF(B6=C6,1,0) -> 0 | E6: =IF(ABS(B6-C6)<=1,1,0) -> 1 | H6: 3 | I6: =COUNTIFS($B$2:$B$31,$H6,$C$2:$C$31,I$2) -> 0 | J6: =COUNTIFS($B$2:$B$31,$H6,$C$2:$C$31,J$2) -> 0 | K6: =COUNTIFS($B$2:$B$31,$H6,$C$2:$C$31,K$2) -> 1 | L6: =COUNTIFS($B$2:$B$31,$H6,$C$2:$C$31,L$2) -> 5 | M6: =COUNTIFS($B$2:$B$31,$H6,$C$2:$C$31,M$2) -> 1 | N6: =SUM(I6:M6) -> 7
A7: E06 | B7: 2 | C7: 3 | D7: =IF(B7=C7,1,0) -> 0 | E7: =IF(ABS(B7-C7)<=1,1,0) -> 1 | H7: 4 | I7: =COUNTIFS($B$2:$B$31,$H7,$C$2:$C$31,I$2) -> 0 | J7: =COUNTIFS($B$2:$B$31,$H7,$C$2:$C$31,J$2) -> 0 | K7: =COUNTIFS($B$2:$B$31,$H7,$C$2:$C$31,K$2) -> 0 | L7: =COUNTIFS($B$2:$B$31,$H7,$C$2:$C$31,L$2) -> 1 | M7: =COUNTIFS($B$2:$B$31,$H7,$C$2:$C$31,M$2) -> 1 | N7: =SUM(I7:M7) -> 2
A8: E07 | B8: 3 | C8: 3 | D8: =IF(B8=C8,1,0) -> 1 | E8: =IF(ABS(B8-C8)<=1,1,0) -> 1 | H8: Total | I8: =SUM(I3:I7) -> 3 | J8: =SUM(J3:J7) -> 7 | K8: =SUM(K3:K7) -> 10 | L8: =SUM(L3:L7) -> 8 | M8: =SUM(M3:M7) -> 2 | N8: =SUM(N3:N7) -> 30
A9: E08 | B9: 2 | C9: 3 | D9: =IF(B9=C9,1,0) -> 0 | E9: =IF(ABS(B9-C9)<=1,1,0) -> 1
A10: E09 | B10: 2 | C10: 2 | D10: =IF(B10=C10,1,0) -> 1 | E10: =IF(ABS(B10-C10)<=1,1,0) -> 1
A11: E10 | B11: 4 | C11: 3 | D11: =IF(B11=C11,1,0) -> 0 | E11: =IF(ABS(B11-C11)<=1,1,0) -> 1
A12: E11 | B12: 1 | C12: 1 | D12: =IF(B12=C12,1,0) -> 1 | E12: =IF(ABS(B12-C12)<=1,1,0) -> 1 | H12: =SUM(D2:D31)/COUNT(D2:D31) -> 0.56666667 | I12: Exact agreement rate
A13: E12 | B13: 2 | C13: 2 | D13: =IF(B13=C13,1,0) -> 1 | E13: =IF(ABS(B13-C13)<=1,1,0) -> 1 | H13: =SUM(E2:E31)/COUNT(E2:E31) -> 1 | I13: Exact or adjacent agreement rate
A14: E13 | B14: 3 | C14: 3 | D14: =IF(B14=C14,1,0) -> 1 | E14: =IF(ABS(B14-C14)<=1,1,0) -> 1 | H14: =(N3*I8+N4*J8+N5*K8+N6*L8+N7*M8)/N8^2 -> 0.26222222 | I14: Agreement expected by chance
A15: E14 | B15: 1 | C15: 1 | D15: =IF(B15=C15,1,0) -> 1 | E15: =IF(ABS(B15-C15)<=1,1,0) -> 1 | H15: =(H12-H14)/(1-H14) -> 0.4126506 | I15: Cohen's kappa
A16: E15 | B16: 1 | C16: 1 | D16: =IF(B16=C16,1,0) -> 1 | E16: =IF(ABS(B16-C16)<=1,1,0) -> 1 | H16: =AVERAGE(B2:B31) -> 2 | I16: Mean score, Rater A
A17: E16 | B17: 3 | C17: 3 | D17: =IF(B17=C17,1,0) -> 1 | E17: =IF(ABS(B17-C17)<=1,1,0) -> 1 | H17: =AVERAGE(C2:C31) -> 1.9666667 | I17: Mean score, Rater B
A18: E17 | B18: 1 | C18: 2 | D18: =IF(B18=C18,1,0) -> 0 | E18: =IF(ABS(B18-C18)<=1,1,0) -> 1
A19: E18 | B19: 2 | C19: 1 | D19: =IF(B19=C19,1,0) -> 0 | E19: =IF(ABS(B19-C19)<=1,1,0) -> 1
A20: E19 | B20: 1 | C20: 0 | D20: =IF(B20=C20,1,0) -> 0 | E20: =IF(ABS(B20-C20)<=1,1,0) -> 1
A21: E20 | B21: 3 | C21: 3 | D21: =IF(B21=C21,1,0) -> 1 | E21: =IF(ABS(B21-C21)<=1,1,0) -> 1
A22: E21 | B22: 3 | C22: 2 | D22: =IF(B22=C22,1,0) -> 0 | E22: =IF(ABS(B22-C22)<=1,1,0) -> 1
A23: E22 | B23: 4 | C23: 4 | D23: =IF(B23=C23,1,0) -> 1 | E23: =IF(ABS(B23-C23)<=1,1,0) -> 1
A24: E23 | B24: 1 | C24: 0 | D24: =IF(B24=C24,1,0) -> 0 | E24: =IF(ABS(B24-C24)<=1,1,0) -> 1
A25: E24 | B25: 3 | C25: 4 | D25: =IF(B25=C25,1,0) -> 0 | E25: =IF(ABS(B25-C25)<=1,1,0) -> 1
A26: E25 | B26: 2 | C26: 2 | D26: =IF(B26=C26,1,0) -> 1 | E26: =IF(ABS(B26-C26)<=1,1,0) -> 1
A27: E26 | B27: 1 | C27: 1 | D27: =IF(B27=C27,1,0) -> 1 | E27: =IF(ABS(B27-C27)<=1,1,0) -> 1
A28: E27 | B28: 3 | C28: 3 | D28: =IF(B28=C28,1,0) -> 1 | E28: =IF(ABS(B28-C28)<=1,1,0) -> 1
A29: E28 | B29: 2 | C29: 2 | D29: =IF(B29=C29,1,0) -> 1 | E29: =IF(ABS(B29-C29)<=1,1,0) -> 1
... A31: E30 | B31: 2 | C31: 2 | D31: =IF(B31=C31,1,0) -> 1 | E31: =IF(ABS(B31-C31)<=1,1,0) -> 1

Sheet SEM
A1: Standard deviation of scores | B1: =SQRT('Internal consistency'!B49) -> 5.1063074
A2: Reliability coefficient used | B2: ='Internal consistency'!$B$50 -> 0.89031755
A3: Standard error of measurement | B3: =B1*SQRT(1-B2) -> 1.6911243
A5: Student | B5: Observed score | C5: 68% band: from | D5: to | E5: 95% band: from | F5: to
A6: Low-scoring student | B6: 5 | C6: =B6-$B$3 -> 3.3088757 | D6: =B6+$B$3 -> 6.6911243 | E6: =B6-1.96*$B$3 -> 1.6853964 | F6: =B6+1.96*$B$3 -> 8.3146036
A7: Middle-scoring student | B7: 9 | C7: =B7-$B$3 -> 7.3088757 | D7: =B7+$B$3 -> 10.691124 | E7: =B7-1.96*$B$3 -> 5.6853964 | F7: =B7+1.96*$B$3 -> 12.314604
A8: High-scoring student | B8: 18 | C8: =B8-$B$3 -> 16.308876 | D8: =B8+$B$3 -> 19.691124 | E8: =B8-1.96*$B$3 -> 14.685396 | F8: =B8+1.96*$B$3 -> 21.314604

Sheet Coefficient comparison
A1: Type of reliability | B1: Value | C1: Which source of error does it measure?
A2: Internal consistency (Kuder–Richardson 20) | B2: ='Internal consistency'!$B$50 -> 0.89031755 | C2: Variation across items: do they measure the same thing?
A3: Split-half after correction | B3: ='Internal consistency'!$B$52 -> 0.91915937 | C3: Variation between the two halves of the test
A4: Test-retest | B4: ='Test-retest'!G2 -> 0.89830502 | C4: Change in student performance from day to day
A5: Inter-rater agreement (kappa) | B5: ='Inter-rater agreement'!H15 -> 0.4126506 | C5: Variation in raters' judgements
A7: There is no single "reliability" of a test: each coefficient answers a different question about a different source of error.
