Workbook

Sheet اقرأني
A1: مشغل الأسبوع 3 — أدلة الصدق: مواءمة اختبار مدرسي مع نواتجه
A2: مساق القياس والتقويم التربوي — دبلوم الدراسات العليا المهني في التدريس
A4: تنبيه: الاختبار وتقديرات المحكّمين نموذج تدريبي أُعدّ للمساق، وليس اختباراً مدرسياً حقيقياً.
A5: اختبار وحدة «المادة وتغيّراتها» للصف الثامن: 20 فقرة، مجموع درجاتها 30.
A6: في الاختبار مشكلات مواءمة مقصودة. مهمتك اكتشافها بالأرقام، ثم اقتراح تعديل يعالجها.
A8: أوراق المصنف:
A9: النواتج والمستويات: نواتج الوحدة الستة وأوزانها المقصودة، وتوزيع المستويات المعرفية المقصود.
A10: الاختبار: نص كل فقرة ونوعها والناتج والمستوى اللذان تقيسهما ودرجتها.
A11: مصفوفة المواءمة: الوزن الفعلي لكل ناتج ولكل مستوى مقارنة بالمقصود، ومؤشر التغطية.
A12: صدق المحكّمين: تقديرات خمسة محكّمين لمدى ارتباط كل فقرة بناتجها، ومؤشر صدق المحتوى.
A14: الخلايا الصفراء مدخلات قابلة للتعديل. جرّب: انقل فقرات من ن1 إلى ن5 وراقب مؤشر التغطية.

Sheet النواتج والمستويات
A1: الرمز | B1: ناتج التعلم | C1: الوزن المقصود
A2: ن1 | B2: يميّز بين التغيرات الفيزيائية والتغيرات الكيميائية | C2: 0.2
A3: ن2 | B3: يفسّر خصائص حالات المادة باستخدام نموذج الجسيمات | C3: 0.2
A4: ن3 | B4: يحسب الكثافة ويستخدمها في تفسير الطفو | C4: 0.15
A5: ن4 | B5: يحدد أدلة حدوث التفاعل الكيميائي | C5: 0.15
A6: ن5 | B6: يطبّق قانون حفظ الكتلة على تفاعلات بسيطة | C6: 0.15
A7: ن6 | B7: يخطط لفصل مكونات مخلوط بطرق مناسبة | C7: 0.15
B8: المجموع | C8: =SUM(C2:C7) -> 1
A11: المستوى المعرفي | C11: الوزن المقصود
A12: معرفة | C12: 0.35
A13: تطبيق | C13: 0.4
A14: استدلال | C14: 0.25

Sheet الاختبار
A1: الفقرة | B1: نص الفقرة | C1: نوع الفقرة | D1: الناتج | E1: المستوى | F1: الدرجة
A2: 1 | B2: أيّ مما يلي تغيّر فيزيائي؟ (أ) احتراق الورق (ب) ذوبان الجليد (ج) صدأ الحديد (د) طهي البيض | C2: اختيار من متعدد | D2: ن1 | E2: معرفة | F2: 1
A3: 2 | B3: أيّ مما يلي تغيّر كيميائي؟ (أ) تبخر الماء (ب) تمزيق الورق (ج) تخمّر العجين (د) طحن السكر | C3: اختيار من متعدد | D3: ن1 | E3: معرفة | F3: 1
A4: 3 | B4: ذوبان السكر في الماء تغيّر كيميائي. (صح / خطأ) | C4: صح أو خطأ | D4: ن1 | E4: معرفة | F4: 1
A5: 4 | B5: عرّف التغيّر الفيزيائي. | C5: إجابة قصيرة | D5: ن1 | E5: معرفة | F5: 1
A6: 5 | B6: اذكر مثالين على تغيّر كيميائي من حياتك اليومية. | C6: إجابة قصيرة | D6: ن1 | E6: معرفة | F6: 1
A7: 6 | B7: انصهار الشمع مثال على تغيّر ................... | C7: إكمال | D7: ن1 | E7: معرفة | F7: 1
A8: 7 | B8: صنّف التغيّرات الآتية إلى فيزيائية وكيميائية: قلي البيض، تجمّد الماء، احتراق الخشب، ذوبان الملح. | C8: إجابة قصيرة | D8: ن1 | E8: تطبيق | F8: 2
A9: 8 | B9: أيّ العبارات الآتية صحيحة عن التغيّر الكيميائي؟ (أربعة بدائل) | C9: اختيار من متعدد | D9: ن1 | E9: معرفة | F9: 1
A10: 9 | B10: تكثّف بخار الماء على زجاج بارد تغيّر ................ | C10: إكمال | D10: ن1 | E10: معرفة | F10: 1
A11: 10 | B11: في أيّ حالة تكون الجسيمات أكثر تقارباً؟ (أ) الصلبة (ب) السائلة (ج) الغازية (د) متساوية | C11: اختيار من متعدد | D11: ن2 | E11: معرفة | F11: 1
A12: 11 | B12: سمِّ حالات المادة الثلاث. | C12: إجابة قصيرة | D12: ن2 | E12: معرفة | F12: 1
A13: 12 | B13: فسّر باستخدام نموذج الجسيمات لماذا ينتفخ البالون عند تسخينه. | C13: إجابة قصيرة | D13: ن2 | E13: تطبيق | F13: 3
... A21: 20 | B21: لديك مخلوط من الرمل والملح والماء. اكتب خطوات فصل مكوناته الثلاثة. | C21: مقالية | D21: ن6 | E21: تطبيق | F21: 3
E22: المجموع | F22: =SUM(F2:F21) -> 30

Sheet مصفوفة المواءمة
A1: الناتج | B1: عدد الفقرات | C1: الدرجات | D1: الوزن الفعلي | E1: الوزن المقصود | F1: الفرق (نقطة مئوية) | G1: الحكم | J1: حدّ التسامح (نقطة مئوية)
A2: ='النواتج والمستويات'!A2 -> ن1 | B2: =COUNTIF(الاختبار!$D$2:$D$21,A2) -> 9 | C2: =SUMIF(الاختبار!$D$2:$D$21,A2,الاختبار!$F$2:$F$21) -> 10 | D2: =C2/الاختبار!$F$22 -> 0.33333333 | E2: ='النواتج والمستويات'!C2 -> 0.2 | F2: =ROUND((D2-E2)*100,1) -> 13.3 | G2: =IF(B2=0,"غير ممثَّل",IF(F2>$J$2,"تمثيل زائد",IF(F2<-$J$2,"تمثيل ناقص","متوازن"))) -> تمثيل زائد | J2: 5
A3: ='النواتج والمستويات'!A3 -> ن2 | B3: =COUNTIF(الاختبار!$D$2:$D$21,A3) -> 4 | C3: =SUMIF(الاختبار!$D$2:$D$21,A3,الاختبار!$F$2:$F$21) -> 6 | D3: =C3/الاختبار!$F$22 -> 0.2 | E3: ='النواتج والمستويات'!C3 -> 0.2 | F3: =ROUND((D3-E3)*100,1) -> 0 | G3: =IF(B3=0,"غير ممثَّل",IF(F3>$J$2,"تمثيل زائد",IF(F3<-$J$2,"تمثيل ناقص","متوازن"))) -> متوازن
A4: ='النواتج والمستويات'!A4 -> ن3 | B4: =COUNTIF(الاختبار!$D$2:$D$21,A4) -> 3 | C4: =SUMIF(الاختبار!$D$2:$D$21,A4,الاختبار!$F$2:$F$21) -> 5 | D4: =C4/الاختبار!$F$22 -> 0.16666667 | E4: ='النواتج والمستويات'!C4 -> 0.15 | F4: =ROUND((D4-E4)*100,1) -> 1.7 | G4: =IF(B4=0,"غير ممثَّل",IF(F4>$J$2,"تمثيل زائد",IF(F4<-$J$2,"تمثيل ناقص","متوازن"))) -> متوازن
A5: ='النواتج والمستويات'!A5 -> ن4 | B5: =COUNTIF(الاختبار!$D$2:$D$21,A5) -> 3 | C5: =SUMIF(الاختبار!$D$2:$D$21,A5,الاختبار!$F$2:$F$21) -> 6 | D5: =C5/الاختبار!$F$22 -> 0.2 | E5: ='النواتج والمستويات'!C5 -> 0.15 | F5: =ROUND((D5-E5)*100,1) -> 5 | G5: =IF(B5=0,"غير ممثَّل",IF(F5>$J$2,"تمثيل زائد",IF(F5<-$J$2,"تمثيل ناقص","متوازن"))) -> متوازن
A6: ='النواتج والمستويات'!A6 -> ن5 | B6: =COUNTIF(الاختبار!$D$2:$D$21,A6) -> 0 | C6: =SUMIF(الاختبار!$D$2:$D$21,A6,الاختبار!$F$2:$F$21) -> 0 | D6: =C6/الاختبار!$F$22 -> 0 | E6: ='النواتج والمستويات'!C6 -> 0.15 | F6: =ROUND((D6-E6)*100,1) -> -15 | G6: =IF(B6=0,"غير ممثَّل",IF(F6>$J$2,"تمثيل زائد",IF(F6<-$J$2,"تمثيل ناقص","متوازن"))) -> غير ممثَّل
A7: ='النواتج والمستويات'!A7 -> ن6 | B7: =COUNTIF(الاختبار!$D$2:$D$21,A7) -> 1 | C7: =SUMIF(الاختبار!$D$2:$D$21,A7,الاختبار!$F$2:$F$21) -> 3 | D7: =C7/الاختبار!$F$22 -> 0.1 | E7: ='النواتج والمستويات'!C7 -> 0.15 | F7: =ROUND((D7-E7)*100,1) -> -5 | G7: =IF(B7=0,"غير ممثَّل",IF(F7>$J$2,"تمثيل زائد",IF(F7<-$J$2,"تمثيل ناقص","متوازن"))) -> متوازن
A9: المستوى | B9: عدد الفقرات | C9: الدرجات | D9: الوزن الفعلي | E9: الوزن المقصود | F9: الفرق (نقطة مئوية) | G9: الحكم
A10: ='النواتج والمستويات'!A12 -> معرفة | B10: =COUNTIF(الاختبار!$E$2:$E$21,A10) -> 15 | C10: =SUMIF(الاختبار!$E$2:$E$21,A10,الاختبار!$F$2:$F$21) -> 15 | D10: =C10/الاختبار!$F$22 -> 0.5 | E10: ='النواتج والمستويات'!C12 -> 0.35 | F10: =ROUND((D10-E10)*100,1) -> 15 | G10: =IF(B10=0,"غير ممثَّل",IF(F10>$J$2,"تمثيل زائد",IF(F10<-$J$2,"تمثيل ناقص","متوازن"))) -> تمثيل زائد
A11: ='النواتج والمستويات'!A13 -> تطبيق | B11: =COUNTIF(الاختبار!$E$2:$E$21,A11) -> 4 | C11: =SUMIF(الاختبار!$E$2:$E$21,A11,الاختبار!$F$2:$F$21) -> 11 | D11: =C11/الاختبار!$F$22 -> 0.36666667 | E11: ='النواتج والمستويات'!C13 -> 0.4 | F11: =ROUND((D11-E11)*100,1) -> -3.3 | G11: =IF(B11=0,"غير ممثَّل",IF(F11>$J$2,"تمثيل زائد",IF(F11<-$J$2,"تمثيل ناقص","متوازن"))) -> متوازن
A12: ='النواتج والمستويات'!A14 -> استدلال | B12: =COUNTIF(الاختبار!$E$2:$E$21,A12) -> 1 | C12: =SUMIF(الاختبار!$E$2:$E$21,A12,الاختبار!$F$2:$F$21) -> 4 | D12: =C12/الاختبار!$F$22 -> 0.13333333 | E12: ='النواتج والمستويات'!C14 -> 0.25 | F12: =ROUND((D12-E12)*100,1) -> -11.7 | G12: =IF(B12=0,"غير ممثَّل",IF(F12>$J$2,"تمثيل زائد",IF(F12<-$J$2,"تمثيل ناقص","متوازن"))) -> تمثيل ناقص
A15: مؤشر التغطية | C15: =COUNTIF(G2:G7,"متوازن")/6 -> 0.66666667 | D15: نسبة النواتج التي يقع وزنها الفعلي ضمن حدّ التسامح
A16: نواتج غير ممثَّلة | C16: =COUNTIF(G2:G7,"غير ممثَّل") -> 1

Sheet صدق المحكمين
A1: الفقرة | B1: المحكّم 1 | C1: المحكّم 2 | D1: المحكّم 3 | E1: المحكّم 4 | F1: المحكّم 5 | G1: عدد من قدّر 3 أو 4 | H1: مؤشر صدق الفقرة | I1: الحكم | K1: المعيار
A2: ف1 | B2: 4 | C2: 4 | D2: 3 | E2: 4 | F2: 4 | G2: =COUNTIF(B2:F2,">=3") -> 5 | H2: =G2/COUNT(B2:F2) -> 1 | I2: =IF(H2>=$L$3,"مقبولة","تحتاج مراجعة") -> مقبولة | K2: عدد المحكّمين | L2: =COUNTA(B1:F1) -> 5
A3: ف2 | B3: 4 | C3: 4 | D3: 3 | E3: 4 | F3: 4 | G3: =COUNTIF(B3:F3,">=3") -> 5 | H3: =G3/COUNT(B3:F3) -> 1 | I3: =IF(H3>=$L$3,"مقبولة","تحتاج مراجعة") -> مقبولة | K3: الحد الأدنى لمؤشر صدق الفقرة | L3: =IF(L2<=5,1,0.78) -> 1
A4: ف3 | B4: 2 | C4: 3 | D4: 4 | E4: 2 | F4: 4 | G4: =COUNTIF(B4:F4,">=3") -> 3 | H4: =G4/COUNT(B4:F4) -> 0.6 | I4: =IF(H4>=$L$3,"مقبولة","تحتاج مراجعة") -> تحتاج مراجعة
A5: ف4 | B5: 4 | C5: 4 | D5: 3 | E5: 4 | F5: 4 | G5: =COUNTIF(B5:F5,">=3") -> 5 | H5: =G5/COUNT(B5:F5) -> 1 | I5: =IF(H5>=$L$3,"مقبولة","تحتاج مراجعة") -> مقبولة | K5: متوسط مؤشر صدق المحتوى للاختبار | L5: =AVERAGE(H2:H21) -> 0.93
A6: ف5 | B6: 4 | C6: 4 | D6: 3 | E6: 4 | F6: 4 | G6: =COUNTIF(B6:F6,">=3") -> 5 | H6: =G6/COUNT(B6:F6) -> 1 | I6: =IF(H6>=$L$3,"مقبولة","تحتاج مراجعة") -> مقبولة | K6: نسبة الفقرات بإجماع تام | L6: =COUNTIF(H2:H21,1)/COUNT(H2:H21) -> 0.85
A7: ف6 | B7: 4 | C7: 3 | D7: 4 | E7: 4 | F7: 3 | G7: =COUNTIF(B7:F7,">=3") -> 5 | H7: =G7/COUNT(B7:F7) -> 1 | I7: =IF(H7>=$L$3,"مقبولة","تحتاج مراجعة") -> مقبولة | K7: فقرات تحتاج مراجعة | L7: =COUNTIF(I2:I21,"تحتاج مراجعة") -> 3
A8: ف7 | B8: 4 | C8: 4 | D8: 3 | E8: 4 | F8: 4 | G8: =COUNTIF(B8:F8,">=3") -> 5 | H8: =G8/COUNT(B8:F8) -> 1 | I8: =IF(H8>=$L$3,"مقبولة","تحتاج مراجعة") -> مقبولة
A9: ف8 | B9: 4 | C9: 4 | D9: 3 | E9: 4 | F9: 4 | G9: =COUNTIF(B9:F9,">=3") -> 5 | H9: =G9/COUNT(B9:F9) -> 1 | I9: =IF(H9>=$L$3,"مقبولة","تحتاج مراجعة") -> مقبولة | K9: مقياس التقدير: 1 غير مرتبطة، 2 مرتبطة بدرجة ضعيفة، 3 مرتبطة، 4 مرتبطة جداً بالناتج
A10: ف9 | B10: 4 | C10: 3 | D10: 4 | E10: 4 | F10: 3 | G10: =COUNTIF(B10:F10,">=3") -> 5 | H10: =G10/COUNT(B10:F10) -> 1 | I10: =IF(H10>=$L$3,"مقبولة","تحتاج مراجعة") -> مقبولة
A11: ف10 | B11: 4 | C11: 4 | D11: 3 | E11: 4 | F11: 4 | G11: =COUNTIF(B11:F11,">=3") -> 5 | H11: =G11/COUNT(B11:F11) -> 1 | I11: =IF(H11>=$L$3,"مقبولة","تحتاج مراجعة") -> مقبولة
A12: ف11 | B12: 2 | C12: 1 | D12: 3 | E12: 2 | F12: 2 | G12: =COUNTIF(B12:F12,">=3") -> 1 | H12: =G12/COUNT(B12:F12) -> 0.2 | I12: =IF(H12>=$L$3,"مقبولة","تحتاج مراجعة") -> تحتاج مراجعة
A13: ف12 | B13: 4 | C13: 3 | D13: 4 | E13: 4 | F13: 3 | G13: =COUNTIF(B13:F13,">=3") -> 5 | H13: =G13/COUNT(B13:F13) -> 1 | I13: =IF(H13>=$L$3,"مقبولة","تحتاج مراجعة") -> مقبولة
A14: ف13 | B14: 4 | C14: 4 | D14: 3 | E14: 4 | F14: 4 | G14: =COUNTIF(B14:F14,">=3") -> 5 | H14: =G14/COUNT(B14:F14) -> 1 | I14: =IF(H14>=$L$3,"مقبولة","تحتاج مراجعة") -> مقبولة
A15: ف14 | B15: 4 | C15: 3 | D15: 4 | E15: 2 | F15: 4 | G15: =COUNTIF(B15:F15,">=3") -> 4 | H15: =G15/COUNT(B15:F15) -> 0.8 | I15: =IF(H15>=$L$3,"مقبولة","تحتاج مراجعة") -> تحتاج مراجعة
A16: ف15 | B16: 4 | C16: 3 | D16: 4 | E16: 4 | F16: 3 | G16: =COUNTIF(B16:F16,">=3") -> 5 | H16: =G16/COUNT(B16:F16) -> 1 | I16: =IF(H16>=$L$3,"مقبولة","تحتاج مراجعة") -> مقبولة
A17: ف16 | B17: 4 | C17: 4 | D17: 3 | E17: 4 | F17: 4 | G17: =COUNTIF(B17:F17,">=3") -> 5 | H17: =G17/COUNT(B17:F17) -> 1 | I17: =IF(H17>=$L$3,"مقبولة","تحتاج مراجعة") -> مقبولة
A18: ف17 | B18: 4 | C18: 4 | D18: 3 | E18: 4 | F18: 4 | G18: =COUNTIF(B18:F18,">=3") -> 5 | H18: =G18/COUNT(B18:F18) -> 1 | I18: =IF(H18>=$L$3,"مقبولة","تحتاج مراجعة") -> مقبولة
A19: ف18 | B19: 4 | C19: 3 | D19: 4 | E19: 4 | F19: 3 | G19: =COUNTIF(B19:F19,">=3") -> 5 | H19: =G19/COUNT(B19:F19) -> 1 | I19: =IF(H19>=$L$3,"مقبولة","تحتاج مراجعة") -> مقبولة
A20: ف19 | B20: 4 | C20: 4 | D20: 3 | E20: 4 | F20: 4 | G20: =COUNTIF(B20:F20,">=3") -> 5 | H20: =G20/COUNT(B20:F20) -> 1 | I20: =IF(H20>=$L$3,"مقبولة","تحتاج مراجعة") -> مقبولة
A21: ف20 | B21: 4 | C21: 4 | D21: 3 | E21: 4 | F21: 4 | G21: =COUNTIF(B21:F21,">=3") -> 5 | H21: =G21/COUNT(B21:F21) -> 1 | I21: =IF(H21>=$L$3,"مقبولة","تحتاج مراجعة") -> مقبولة
