Workbook

Sheet اقرأني
A1: مشغل الأسبوع 14 — تحليل بيانات البحث الإجرائي
A2: مساق القياس والتقويم التربوي — دبلوم الدراسات العليا المهني في التدريس
A4: تنبيه: البيانات محاكاة حاسوبية لأغراض التدريب، وليست لطلبة حقيقيين.
A5: معلمة علوم للصف الثامن جرّبت أسئلة مفصلية أسبوعية مع تغذية راجعة فورية في شعبتها (شعبة التجربة)، ودرّست شعبة موازية بالطريقة المعتادة (شعبة المقارنة).
A6: طُبّق الاختبار نفسه قبل الوحدة وبعدها، والدرجة من 20.
A8: أوراق المصنف:
A9: البيانات: درجات القبلي والبعدي لكل طالب في الشعبتين. الخلية الفارغة تعني غياب الطالب عن الاختبار البعدي.
A10: الملخص: المتوسطات والمكسب وحجم الأثر لكل شعبة، والفرق بين مكسبي الشعبتين.
A11: حسب المستوى القبلي: مكسب الطلبة الأضعف مقارنة بالأقوى في شعبة التجربة.
A13: الفكرة الأساسية: التحسن في شعبة التجربة وحده لا يثبت أثر الإجراء. اسأل دائماً: كم كان سيتحسن الطلبة دون الإجراء؟

Sheet البيانات
A1: الطالب | B1: الشعبة | C1: القبلي | D1: البعدي | E1: المكسب | F1: بلغ الدرجة العظمى
A2: T01 | B2: التجربة | C2: 11 | D2: 19 | E2: =IF(D2="","",D2-C2) -> 8 | F2: =IF(D2="","",IF(D2=الملخص!$C$1,"نعم",""))
A3: T02 | B3: التجربة | C3: 11 | D3: 18 | E3: =IF(D3="","",D3-C3) -> 7 | F3: =IF(D3="","",IF(D3=الملخص!$C$1,"نعم",""))
A4: T03 | B4: التجربة | C4: 9 | D4: 9 | E4: =IF(D4="","",D4-C4) -> 0 | F4: =IF(D4="","",IF(D4=الملخص!$C$1,"نعم",""))
A5: T04 | B5: التجربة | C5: 4 | D5: 9 | E5: =IF(D5="","",D5-C5) -> 5 | F5: =IF(D5="","",IF(D5=الملخص!$C$1,"نعم",""))
A6: T05 | B6: التجربة | C6: 9 | D6: 15 | E6: =IF(D6="","",D6-C6) -> 6 | F6: =IF(D6="","",IF(D6=الملخص!$C$1,"نعم",""))
A7: T06 | B7: التجربة | C7: 9 | E7: =IF(D7="","",D7-C7) | F7: =IF(D7="","",IF(D7=الملخص!$C$1,"نعم",""))
A8: T07 | B8: التجربة | C8: 14 | D8: 17 | E8: =IF(D8="","",D8-C8) -> 3 | F8: =IF(D8="","",IF(D8=الملخص!$C$1,"نعم",""))
A9: T08 | B9: التجربة | C9: 10 | D9: 14 | E9: =IF(D9="","",D9-C9) -> 4 | F9: =IF(D9="","",IF(D9=الملخص!$C$1,"نعم",""))
A10: T09 | B10: التجربة | C10: 9 | D10: 13 | E10: =IF(D10="","",D10-C10) -> 4 | F10: =IF(D10="","",IF(D10=الملخص!$C$1,"نعم",""))
A11: T10 | B11: التجربة | C11: 15 | D11: 17 | E11: =IF(D11="","",D11-C11) -> 2 | F11: =IF(D11="","",IF(D11=الملخص!$C$1,"نعم",""))
A12: T11 | B12: التجربة | C12: 8 | D12: 15 | E12: =IF(D12="","",D12-C12) -> 7 | F12: =IF(D12="","",IF(D12=الملخص!$C$1,"نعم",""))
A13: T12 | B13: التجربة | C13: 17 | D13: 13 | E13: =IF(D13="","",D13-C13) -> -4 | F13: =IF(D13="","",IF(D13=الملخص!$C$1,"نعم",""))
A14: T13 | B14: التجربة | C14: 7 | D14: 11 | E14: =IF(D14="","",D14-C14) -> 4 | F14: =IF(D14="","",IF(D14=الملخص!$C$1,"نعم",""))
A15: T14 | B15: التجربة | C15: 10 | D15: 14 | E15: =IF(D15="","",D15-C15) -> 4 | F15: =IF(D15="","",IF(D15=الملخص!$C$1,"نعم",""))
A16: T15 | B16: التجربة | C16: 7 | D16: 13 | E16: =IF(D16="","",D16-C16) -> 6 | F16: =IF(D16="","",IF(D16=الملخص!$C$1,"نعم",""))
A17: T16 | B17: التجربة | C17: 10 | D17: 12 | E17: =IF(D17="","",D17-C17) -> 2 | F17: =IF(D17="","",IF(D17=الملخص!$C$1,"نعم",""))
A18: T17 | B18: التجربة | C18: 6 | D18: 12 | E18: =IF(D18="","",D18-C18) -> 6 | F18: =IF(D18="","",IF(D18=الملخص!$C$1,"نعم",""))
A19: T18 | B19: التجربة | C19: 9 | E19: =IF(D19="","",D19-C19) | F19: =IF(D19="","",IF(D19=الملخص!$C$1,"نعم",""))
A20: T19 | B20: التجربة | C20: 8 | D20: 10 | E20: =IF(D20="","",D20-C20) -> 2 | F20: =IF(D20="","",IF(D20=الملخص!$C$1,"نعم",""))
A21: T20 | B21: التجربة | C21: 10 | D21: 12 | E21: =IF(D21="","",D21-C21) -> 2 | F21: =IF(D21="","",IF(D21=الملخص!$C$1,"نعم",""))
A22: T21 | B22: التجربة | C22: 11 | D22: 15 | E22: =IF(D22="","",D22-C22) -> 4 | F22: =IF(D22="","",IF(D22=الملخص!$C$1,"نعم",""))
A23: T22 | B23: التجربة | C23: 10 | D23: 13 | E23: =IF(D23="","",D23-C23) -> 3 | F23: =IF(D23="","",IF(D23=الملخص!$C$1,"نعم",""))
A24: T23 | B24: التجربة | C24: 11 | D24: 14 | E24: =IF(D24="","",D24-C24) -> 3 | F24: =IF(D24="","",IF(D24=الملخص!$C$1,"نعم",""))
A25: T24 | B25: التجربة | C25: 10 | E25: =IF(D25="","",D25-C25) | F25: =IF(D25="","",IF(D25=الملخص!$C$1,"نعم",""))
A26: T25 | B26: التجربة | C26: 10 | D26: 12 | E26: =IF(D26="","",D26-C26) -> 2 | F26: =IF(D26="","",IF(D26=الملخص!$C$1,"نعم",""))
A27: T26 | B27: التجربة | C27: 10 | D27: 14 | E27: =IF(D27="","",D27-C27) -> 4 | F27: =IF(D27="","",IF(D27=الملخص!$C$1,"نعم",""))
A28: T27 | B28: التجربة | C28: 7 | D28: 9 | E28: =IF(D28="","",D28-C28) -> 2 | F28: =IF(D28="","",IF(D28=الملخص!$C$1,"نعم",""))
A29: T28 | B29: التجربة | C29: 8 | D29: 11 | E29: =IF(D29="","",D29-C29) -> 3 | F29: =IF(D29="","",IF(D29=الملخص!$C$1,"نعم",""))
A30: C01 | B30: المقارنة | C30: 13 | D30: 11 | E30: =IF(D30="","",D30-C30) -> -2 | F30: =IF(D30="","",IF(D30=الملخص!$C$1,"نعم",""))
A31: C02 | B31: المقارنة | C31: 9 | D31: 15 | E31: =IF(D31="","",D31-C31) -> 6 | F31: =IF(D31="","",IF(D31=الملخص!$C$1,"نعم",""))
A32: C03 | B32: المقارنة | C32: 12 | D32: 11 | E32: =IF(D32="","",D32-C32) -> -1 | F32: =IF(D32="","",IF(D32=الملخص!$C$1,"نعم",""))
A33: C04 | B33: المقارنة | C33: 10 | D33: 8 | E33: =IF(D33="","",D33-C33) -> -2 | F33: =IF(D33="","",IF(D33=الملخص!$C$1,"نعم",""))
A34: C05 | B34: المقارنة | C34: 9 | D34: 9 | E34: =IF(D34="","",D34-C34) -> 0 | F34: =IF(D34="","",IF(D34=الملخص!$C$1,"نعم",""))
A35: C06 | B35: المقارنة | C35: 12 | D35: 15 | E35: =IF(D35="","",D35-C35) -> 3 | F35: =IF(D35="","",IF(D35=الملخص!$C$1,"نعم",""))
A36: C07 | B36: المقارنة | C36: 10 | D36: 11 | E36: =IF(D36="","",D36-C36) -> 1 | F36: =IF(D36="","",IF(D36=الملخص!$C$1,"نعم",""))
A37: C08 | B37: المقارنة | C37: 11 | D37: 11 | E37: =IF(D37="","",D37-C37) -> 0 | F37: =IF(D37="","",IF(D37=الملخص!$C$1,"نعم",""))
... A56: C27 | B56: المقارنة | C56: 11 | D56: 14 | E56: =IF(D56="","",D56-C56) -> 3 | F56: =IF(D56="","",IF(D56=الملخص!$C$1,"نعم",""))

Sheet الملخص
A1: الدرجة العظمى | C1: 20
A3: المؤشر | B3: شعبة التجربة | C3: شعبة المقارنة
A4: عدد الطلبة في القبلي | B4: =COUNTIF(البيانات!$B$2:$B$56,"التجربة") -> 28 | C4: =COUNTIF(البيانات!$B$2:$B$56,"المقارنة") -> 27
A5: عدد من لهم قبلي وبعدي | B5: =SUMPRODUCT((البيانات!$B$2:$B$56="التجربة")*ISNUMBER(البيانات!$D$2:$D$56)) -> 25 | C5: =SUMPRODUCT((البيانات!$B$2:$B$56="المقارنة")*ISNUMBER(البيانات!$D$2:$D$56)) -> 27
A6: متوسط القبلي (لمن لهم الاختباران) | B6: =SUMPRODUCT((البيانات!$B$2:$B$56="التجربة")*ISNUMBER(البيانات!$D$2:$D$56)*البيانات!$C$2:$C$56)/B5 -> 9.68 | C6: =SUMPRODUCT((البيانات!$B$2:$B$56="المقارنة")*ISNUMBER(البيانات!$D$2:$D$56)*البيانات!$C$2:$C$56)/C5 -> 10.037037
A7: متوسط البعدي | B7: =SUMPRODUCT((البيانات!$B$2:$B$56="التجربة")*ISNUMBER(البيانات!$D$2:$D$56),البيانات!$D$2:$D$56)/B5 -> 13.24 | C7: =SUMPRODUCT((البيانات!$B$2:$B$56="المقارنة")*ISNUMBER(البيانات!$D$2:$D$56),البيانات!$D$2:$D$56)/C5 -> 11.518519
A8: متوسط المكسب | B8: =B7-B6 -> 3.56 | C8: =C7-C6 -> 1.4814815
A9: الانحراف المعياري للقبلي | B9: =SQRT((SUMPRODUCT((البيانات!$B$2:$B$56="التجربة")*ISNUMBER(البيانات!$D$2:$D$56)*البيانات!$C$2:$C$56^2)-B5*B6^2)/(B5-1)) -> 2.7796882 | C9: =SQRT((SUMPRODUCT((البيانات!$B$2:$B$56="المقارنة")*ISNUMBER(البيانات!$D$2:$D$56)*البيانات!$C$2:$C$56^2)-C5*C6^2)/(C5-1)) -> 3.5244365
A10: الانحراف المعياري للبعدي | B10: =SQRT((SUMPRODUCT((البيانات!$B$2:$B$56="التجربة")*ISNUMBER(البيانات!$D$2:$D$56),البيانات!$D$2:$D$56^2)-B5*B7^2)/(B5-1)) -> 2.7123176 | C10: =SQRT((SUMPRODUCT((البيانات!$B$2:$B$56="المقارنة")*ISNUMBER(البيانات!$D$2:$D$56),البيانات!$D$2:$D$56^2)-C5*C7^2)/(C5-1)) -> 4.3000033
A11: حجم الأثر (المكسب ÷ الانحراف المعياري المجمّع) | B11: =B8/SQRT((B9^2+B10^2)/2) -> 1.2963323 | C11: =C8/SQRT((C9^2+C10^2)/2) -> 0.37683386
A12: المكسب المعياري (نسبة ما تحقق من المكسب الممكن) | B12: =(B7-B6)/($C$1-B6) -> 0.34496124 | C12: =(C7-C6)/($C$1-C6) -> 0.14869888
A13: نسبة من تحسّنت درجتهم | B13: =SUMPRODUCT((البيانات!$B$2:$B$56="التجربة")*ISNUMBER(البيانات!$D$2:$D$56)*(البيانات!$D$2:$D$56>البيانات!$C$2:$C$56))/B5 -> 0.92 | C13: =SUMPRODUCT((البيانات!$B$2:$B$56="المقارنة")*ISNUMBER(البيانات!$D$2:$D$56)*(البيانات!$D$2:$D$56>البيانات!$C$2:$C$56))/C5 -> 0.55555556
A14: عدد من بلغوا الدرجة العظمى في البعدي | B14: =COUNTIFS(البيانات!$B$2:$B$56,"التجربة",البيانات!$D$2:$D$56,$C$1) -> 0 | C14: =COUNTIFS(البيانات!$B$2:$B$56,"المقارنة",البيانات!$D$2:$D$56,$C$1) -> 1
A16: الفرق بين مكسبي الشعبتين (أثر أقرب إلى الواقع) | B16: =B8-C8 -> 2.0785185
A17: الطلبة الغائبون عن البعدي في شعبة التجربة | B17: =SUMPRODUCT((البيانات!$B$2:$B$56="التجربة")*NOT(ISNUMBER(البيانات!$D$2:$D$56))) -> 3

Sheet حسب المستوى القبلي
A1: شعبة التجربة فقط، لمن لهم الاختباران
A3: حد الفئة الدنيا (القبلي أقل من أو يساوي) | C3: 8
A4: حد الفئة العليا (القبلي أكبر من أو يساوي) | C4: 12
A6: الفئة | B6: عدد الطلبة | C6: متوسط القبلي | D6: متوسط المكسب
A7: الدنيا | B7: =SUMPRODUCT((البيانات!$B$2:$B$56="التجربة")*ISNUMBER(البيانات!$D$2:$D$56)*(البيانات!$C$2:$C$56<=$C$3)) -> 8 | C7: =IFERROR(SUMPRODUCT((البيانات!$B$2:$B$56="التجربة")*ISNUMBER(البيانات!$D$2:$D$56)*(البيانات!$C$2:$C$56<=$C$3)*البيانات!$C$2:$C$56)/B7,"") -> 6.875 | D7: =IFERROR(SUMPRODUCT((البيانات!$B$2:$B$56="التجربة")*ISNUMBER(البيانات!$D$2:$D$56)*(البيانات!$C$2:$C$56<=$C$3),البيانات!$D$2:$D$56)/B7-C7,"") -> 4.375
A8: الوسطى | B8: =SUMPRODUCT((البيانات!$B$2:$B$56="التجربة")*ISNUMBER(البيانات!$D$2:$D$56)*(البيانات!$C$2:$C$56>$C$3)*(البيانات!$C$2:$C$56<$C$4)) -> 14 | C8: =IFERROR(SUMPRODUCT((البيانات!$B$2:$B$56="التجربة")*ISNUMBER(البيانات!$D$2:$D$56)*(البيانات!$C$2:$C$56>$C$3)*(البيانات!$C$2:$C$56<$C$4)*البيانات!$C$2:$C$56)/B8,"") -> 10.071429 | D8: =IFERROR(SUMPRODUCT((البيانات!$B$2:$B$56="التجربة")*ISNUMBER(البيانات!$D$2:$D$56)*(البيانات!$C$2:$C$56>$C$3)*(البيانات!$C$2:$C$56<$C$4),البيانات!$D$2:$D$56)/B8-C8,"") -> 3.7857143
A9: العليا | B9: =SUMPRODUCT((البيانات!$B$2:$B$56="التجربة")*ISNUMBER(البيانات!$D$2:$D$56)*(البيانات!$C$2:$C$56>=$C$4)) -> 3 | C9: =IFERROR(SUMPRODUCT((البيانات!$B$2:$B$56="التجربة")*ISNUMBER(البيانات!$D$2:$D$56)*(البيانات!$C$2:$C$56>=$C$4)*البيانات!$C$2:$C$56)/B9,"") -> 15.333333 | D9: =IFERROR(SUMPRODUCT((البيانات!$B$2:$B$56="التجربة")*ISNUMBER(البيانات!$D$2:$D$56)*(البيانات!$C$2:$C$56>=$C$4),البيانات!$D$2:$D$56)/B9-C9,"") -> 0.33333333
