Workbook

Sheet Read me
A1: Week 8 workshop — Calibrating an analytic rubric
A2: Educational Measurement and Evaluation — Postgraduate Professional Diploma in Teaching
A4: Note: the eight responses are a training sample written for the course; they are not real students' responses.
A5: The question: A student says: "An iron nail rusts faster in salt water than in distilled water." Design an experiment to test this statement, identify the variables, then explain the result you expect.
A7: Work steps:
A8: 1. Read the rubric in the "Rubric" sheet.
A9: 2. Score the eight responses in the "My Scoring" sheet without looking at the "Benchmark Scores" sheet.
A10: 3. Enter Claude's scores in the "Claude Scoring" sheet after asking it to score with the same rubric.
A11: 4. Open the "Comparison" sheet to see your rate of agreement with the benchmark scores, and the criterion on which you are severe or lenient.
A13: The benchmark scores are estimates prepared by the course for training; they are not a final answer beyond discussion. Justified disagreement is part of calibration.

Sheet Rubric
A1: Criterion | B1: 0 | C1: 1 | D1: 2 | E1: 3
A2: Variables and control | B2: Does not identify any variable | C2: Mentions one variable or confuses the variables | D2: Identifies the independent and dependent variables, and controls at least one constant | E2: Identifies the independent and dependent variables precisely, and controls two or more constants
A3: Experimental steps and data collection | B3: No steps, or steps that do not test the statement | C3: Incomplete steps that cannot be repeated | D3: Workable steps with a way of observing the rust | E3: Repeatable steps, a specified duration, and a clear way of measuring or comparing the rust
A4: Scientific explanation | B4: No explanation, or an explanation that does not address the effect of salt, or a wrong explanation | C4: Predicts that salt increases rusting without a scientific explanation of the reaction | D4: Links rusting to the reaction of iron with oxygen and water and states that salt speeds it up | E4: A precise explanation linking the faster rusting to the effect of salt and suggesting how the results would confirm or refute it

Sheet Responses
A1: Response | B1: Text
A2: R1 | B2: I put two identical nails in two glasses: the first has distilled water and the second salt water of the same amount. I cover both glasses and leave them in the same place for a week. The independent variable is the type of water, the dependent variable is the amount of rust, and the constants are: the type of nail, the volume of water, the temperature and the duration. I photograph the two nails every two days and compare the area of rust. I expect more rust in the salt water because salt speeds up the reaction of iron with oxygen and water, and if the rust appears equal then the statement is not correct.
A3: R2 | B3: I put one nail in salt water and one nail in ordinary water of the same amount and wait. The variable is the salt. I look after some days to see which one rusted more. Salt makes iron rust.
A4: R3 | B4: Iron rusts in water. I put a nail in salt water and see whether it rusts.
A5: R4 | B5: Independent variable: the presence of salt in the water. Dependent: the rust. Constants: the type of nails and the amount of water. I put three nails in salt water and three in distilled water for five days, then compare the colour of the nails. Rust is a reaction between iron and oxygen in the presence of water, and salt speeds it up.
A6: R5 | B6: Rust is brown and happens to old cars and doors. Salt water is found in the sea, which is why ships rust.
A7: R6 | B7: I bring two identical glasses, put 200 mL of distilled water in the first and 200 mL of water with a spoonful of salt dissolved in it in the second, put a new nail in each glass, and leave them for seven days at room temperature, then weigh the two nails after drying them and compare the change in mass. The variable is the type of water. I expect the salt water to cause more rust.
A8: R7 | B8: Rust is a chemical reaction between iron, oxygen and water. Salt increases the speed of this reaction, which is why iron objects near the sea rust faster. I expect the statement is correct.
A9: R8 | B9: Independent: the type of water (salt or distilled). Dependent: the amount of rust. Constants: the type of nail, the volume of water, the duration, the place. I put them in and watch. I expect faster rusting in the salt water, because salt speeds up the reaction of iron with oxygen and water, and if I repeated the experiment with two different salt concentrations and the rust increased with the concentration, the result would be confirmed further.

Sheet My Scoring
A1: Response | B1: Variables and control | C1: Experimental steps and data collection | D1: Scientific explanation | E1: Total | F1: Difference from benchmark
A2: R1 | E2: =IF(COUNT(B2:D2)=0,"",SUM(B2:D2)) | F2: =IF(E2="","",E2-'Benchmark Scores'!E2)
A3: R2 | E3: =IF(COUNT(B3:D3)=0,"",SUM(B3:D3)) | F3: =IF(E3="","",E3-'Benchmark Scores'!E3)
A4: R3 | E4: =IF(COUNT(B4:D4)=0,"",SUM(B4:D4)) | F4: =IF(E4="","",E4-'Benchmark Scores'!E4)
A5: R4 | E5: =IF(COUNT(B5:D5)=0,"",SUM(B5:D5)) | F5: =IF(E5="","",E5-'Benchmark Scores'!E5)
A6: R5 | E6: =IF(COUNT(B6:D6)=0,"",SUM(B6:D6)) | F6: =IF(E6="","",E6-'Benchmark Scores'!E6)
A7: R6 | E7: =IF(COUNT(B7:D7)=0,"",SUM(B7:D7)) | F7: =IF(E7="","",E7-'Benchmark Scores'!E7)
A8: R7 | E8: =IF(COUNT(B8:D8)=0,"",SUM(B8:D8)) | F8: =IF(E8="","",E8-'Benchmark Scores'!E8)
A9: R8 | E9: =IF(COUNT(B9:D9)=0,"",SUM(B9:D9)) | F9: =IF(E9="","",E9-'Benchmark Scores'!E9)

Sheet Claude Scoring
A1: Response | B1: Variables and control | C1: Experimental steps and data collection | D1: Scientific explanation | E1: Total
A2: R1 | E2: =IF(COUNT(B2:D2)=0,"",SUM(B2:D2))
A3: R2 | E3: =IF(COUNT(B3:D3)=0,"",SUM(B3:D3))
A4: R3 | E4: =IF(COUNT(B4:D4)=0,"",SUM(B4:D4))
A5: R4 | E5: =IF(COUNT(B5:D5)=0,"",SUM(B5:D5))
A6: R5 | E6: =IF(COUNT(B6:D6)=0,"",SUM(B6:D6))
A7: R6 | E7: =IF(COUNT(B7:D7)=0,"",SUM(B7:D7))
A8: R7 | E8: =IF(COUNT(B8:D8)=0,"",SUM(B8:D8))
A9: R8 | E9: =IF(COUNT(B9:D9)=0,"",SUM(B9:D9))

Sheet Benchmark Scores
A1: Response | B1: Variables and control | C1: Experimental steps and data collection | D1: Scientific explanation | E1: Total
A2: R1 | B2: 3 | C2: 3 | D2: 3 | E2: =IF(COUNT(B2:D2)=0,"",SUM(B2:D2)) -> 9
A3: R2 | B3: 2 | C3: 1 | D3: 1 | E3: =IF(COUNT(B3:D3)=0,"",SUM(B3:D3)) -> 4
A4: R3 | B4: 1 | C4: 1 | D4: 0 | E4: =IF(COUNT(B4:D4)=0,"",SUM(B4:D4)) -> 2
A5: R4 | B5: 3 | C5: 2 | D5: 2 | E5: =IF(COUNT(B5:D5)=0,"",SUM(B5:D5)) -> 7
A6: R5 | B6: 0 | C6: 0 | D6: 1 | E6: =IF(COUNT(B6:D6)=0,"",SUM(B6:D6)) -> 1
A7: R6 | B7: 2 | C7: 3 | D7: 1 | E7: =IF(COUNT(B7:D7)=0,"",SUM(B7:D7)) -> 6
A8: R7 | B8: 0 | C8: 0 | D8: 2 | E8: =IF(COUNT(B8:D8)=0,"",SUM(B8:D8)) -> 2
A9: R8 | B9: 3 | C9: 1 | D9: 3 | E9: =IF(COUNT(B9:D9)=0,"",SUM(B9:D9)) -> 7

Sheet Comparison
A1: Comparison | B1: Number of scores entered | C1: Exact agreement | D1: Exact or adjacent agreement | E1: Mean difference: Variables and control | F1: Mean difference: Experimental steps and data collection | G1: Mean difference: Scientific explanation
A2: My scoring vs benchmark | B2: =SUMPRODUCT(ISNUMBER('My Scoring'!$B$2:$D$9)*ISNUMBER('Benchmark Scores'!$B$2:$D$9)) -> 0 | C2: =IF(B2=0,"",SUMPRODUCT(ISNUMBER('My Scoring'!$B$2:$D$9)*ISNUMBER('Benchmark Scores'!$B$2:$D$9)*('My Scoring'!$B$2:$D$9='Benchmark Scores'!$B$2:$D$9))/SUMPRODUCT(ISNUMBER('My Scoring'!$B$2:$D$9)*ISNUMBER('Benchmark Scores'!$B$2:$D$9))) | D2: =IF(B2=0,"",SUMPRODUCT(ISNUMBER('My Scoring'!$B$2:$D$9)*ISNUMBER('Benchmark Scores'!$B$2:$D$9)*(ABS('My Scoring'!$B$2:$D$9-'Benchmark Scores'!$B$2:$D$9)<=1))/SUMPRODUCT(ISNUMBER('My Scoring'!$B$2:$D$9)*ISNUMBER('Benchmark Scores'!$B$2:$D$9))) | E2: =IF(SUMPRODUCT(ISNUMBER('My Scoring'!$B$2:$B$9)*ISNUMBER('Benchmark Scores'!$B$2:$B$9))=0,"",SUMPRODUCT(ISNUMBER('My Scoring'!$B$2:$B$9)*ISNUMBER('Benchmark Scores'!$B$2:$B$9)*('My Scoring'!$B$2:$B$9-'Benchmark Scores'!$B$2:$B$9))/SUMPRODUCT(ISNUMBER('My Scoring'!$B$2:$B$9)*ISNUMBER('Benchmark Scores'!$B$2:$B$9))) | F2: =IF(SUMPRODUCT(ISNUMBER('My Scoring'!$C$2:$C$9)*ISNUMBER('Benchmark Scores'!$C$2:$C$9))=0,"",SUMPRODUCT(ISNUMBER('My Scoring'!$C$2:$C$9)*ISNUMBER('Benchmark Scores'!$C$2:$C$9)*('My Scoring'!$C$2:$C$9-'Benchmark Scores'!$C$2:$C$9))/SUMPRODUCT(ISNUMBER('My Scoring'!$C$2:$C$9)*ISNUMBER('Benchmark Scores'!$C$2:$C$9))) | G2: =IF(SUMPRODUCT(ISNUMBER('My Scoring'!$D$2:$D$9)*ISNUMBER('Benchmark Scores'!$D$2:$D$9))=0,"",SUMPRODUCT(ISNUMBER('My Scoring'!$D$2:$D$9)*ISNUMBER('Benchmark Scores'!$D$2:$D$9)*('My Scoring'!$D$2:$D$9-'Benchmark Scores'!$D$2:$D$9))/SUMPRODUCT(ISNUMBER('My Scoring'!$D$2:$D$9)*ISNUMBER('Benchmark Scores'!$D$2:$D$9)))
A3: Claude's scoring vs benchmark | B3: =SUMPRODUCT(ISNUMBER('Claude Scoring'!$B$2:$D$9)*ISNUMBER('Benchmark Scores'!$B$2:$D$9)) -> 0 | C3: =IF(B3=0,"",SUMPRODUCT(ISNUMBER('Claude Scoring'!$B$2:$D$9)*ISNUMBER('Benchmark Scores'!$B$2:$D$9)*('Claude Scoring'!$B$2:$D$9='Benchmark Scores'!$B$2:$D$9))/SUMPRODUCT(ISNUMBER('Claude Scoring'!$B$2:$D$9)*ISNUMBER('Benchmark Scores'!$B$2:$D$9))) | D3: =IF(B3=0,"",SUMPRODUCT(ISNUMBER('Claude Scoring'!$B$2:$D$9)*ISNUMBER('Benchmark Scores'!$B$2:$D$9)*(ABS('Claude Scoring'!$B$2:$D$9-'Benchmark Scores'!$B$2:$D$9)<=1))/SUMPRODUCT(ISNUMBER('Claude Scoring'!$B$2:$D$9)*ISNUMBER('Benchmark Scores'!$B$2:$D$9))) | E3: =IF(SUMPRODUCT(ISNUMBER('Claude Scoring'!$B$2:$B$9)*ISNUMBER('Benchmark Scores'!$B$2:$B$9))=0,"",SUMPRODUCT(ISNUMBER('Claude Scoring'!$B$2:$B$9)*ISNUMBER('Benchmark Scores'!$B$2:$B$9)*('Claude Scoring'!$B$2:$B$9-'Benchmark Scores'!$B$2:$B$9))/SUMPRODUCT(ISNUMBER('Claude Scoring'!$B$2:$B$9)*ISNUMBER('Benchmark Scores'!$B$2:$B$9))) | F3: =IF(SUMPRODUCT(ISNUMBER('Claude Scoring'!$C$2:$C$9)*ISNUMBER('Benchmark Scores'!$C$2:$C$9))=0,"",SUMPRODUCT(ISNUMBER('Claude Scoring'!$C$2:$C$9)*ISNUMBER('Benchmark Scores'!$C$2:$C$9)*('Claude Scoring'!$C$2:$C$9-'Benchmark Scores'!$C$2:$C$9))/SUMPRODUCT(ISNUMBER('Claude Scoring'!$C$2:$C$9)*ISNUMBER('Benchmark Scores'!$C$2:$C$9))) | G3: =IF(SUMPRODUCT(ISNUMBER('Claude Scoring'!$D$2:$D$9)*ISNUMBER('Benchmark Scores'!$D$2:$D$9))=0,"",SUMPRODUCT(ISNUMBER('Claude Scoring'!$D$2:$D$9)*ISNUMBER('Benchmark Scores'!$D$2:$D$9)*('Claude Scoring'!$D$2:$D$9-'Benchmark Scores'!$D$2:$D$9))/SUMPRODUCT(ISNUMBER('Claude Scoring'!$D$2:$D$9)*ISNUMBER('Benchmark Scores'!$D$2:$D$9)))
A4: My scoring vs Claude's scoring | B4: =SUMPRODUCT(ISNUMBER('My Scoring'!$B$2:$D$9)*ISNUMBER('Claude Scoring'!$B$2:$D$9)) -> 0 | C4: =IF(B4=0,"",SUMPRODUCT(ISNUMBER('My Scoring'!$B$2:$D$9)*ISNUMBER('Claude Scoring'!$B$2:$D$9)*('My Scoring'!$B$2:$D$9='Claude Scoring'!$B$2:$D$9))/SUMPRODUCT(ISNUMBER('My Scoring'!$B$2:$D$9)*ISNUMBER('Claude Scoring'!$B$2:$D$9))) | D4: =IF(B4=0,"",SUMPRODUCT(ISNUMBER('My Scoring'!$B$2:$D$9)*ISNUMBER('Claude Scoring'!$B$2:$D$9)*(ABS('My Scoring'!$B$2:$D$9-'Claude Scoring'!$B$2:$D$9)<=1))/SUMPRODUCT(ISNUMBER('My Scoring'!$B$2:$D$9)*ISNUMBER('Claude Scoring'!$B$2:$D$9))) | E4: =IF(SUMPRODUCT(ISNUMBER('My Scoring'!$B$2:$B$9)*ISNUMBER('Claude Scoring'!$B$2:$B$9))=0,"",SUMPRODUCT(ISNUMBER('My Scoring'!$B$2:$B$9)*ISNUMBER('Claude Scoring'!$B$2:$B$9)*('My Scoring'!$B$2:$B$9-'Claude Scoring'!$B$2:$B$9))/SUMPRODUCT(ISNUMBER('My Scoring'!$B$2:$B$9)*ISNUMBER('Claude Scoring'!$B$2:$B$9))) | F4: =IF(SUMPRODUCT(ISNUMBER('My Scoring'!$C$2:$C$9)*ISNUMBER('Claude Scoring'!$C$2:$C$9))=0,"",SUMPRODUCT(ISNUMBER('My Scoring'!$C$2:$C$9)*ISNUMBER('Claude Scoring'!$C$2:$C$9)*('My Scoring'!$C$2:$C$9-'Claude Scoring'!$C$2:$C$9))/SUMPRODUCT(ISNUMBER('My Scoring'!$C$2:$C$9)*ISNUMBER('Claude Scoring'!$C$2:$C$9))) | G4: =IF(SUMPRODUCT(ISNUMBER('My Scoring'!$D$2:$D$9)*ISNUMBER('Claude Scoring'!$D$2:$D$9))=0,"",SUMPRODUCT(ISNUMBER('My Scoring'!$D$2:$D$9)*ISNUMBER('Claude Scoring'!$D$2:$D$9)*('My Scoring'!$D$2:$D$9-'Claude Scoring'!$D$2:$D$9))/SUMPRODUCT(ISNUMBER('My Scoring'!$D$2:$D$9)*ISNUMBER('Claude Scoring'!$D$2:$D$9)))
A6: Reading the mean difference: a positive value means the first scorer is more lenient on this criterion, a negative value more severe.
A7: Responses where your total differs from the benchmark total by two or more points: | D7: =COUNTIF('My Scoring'!$F$2:$F$9,">=2")+COUNTIF('My Scoring'!$F$2:$F$9,"<=-2") -> 0
